폭행,2015-09-10 6:00,37.56731699,126.994745,289
절도,2015-09-19 18:00,37.56531201,127.0065085,133
절도,2015-10-06 0:00,37.5674189,127.0131392,112
폭행,2015-03-29 14:00,37.56028228,127.0093911,173
폭행,2015-04-03 20:00,37.55322788,127.0173453,266
절도,2015-12-16 11:00,37.55477476,127.0176754,265
폭행,2015-11-06 12:00,37.56482498,127.0148632,45
절도,2015-12-17 10:00,37.56327765,127.0084866,160
폭행,2015-03-06 9:00,37.56592936,127.012481,138
절도,2015-08-21 19:00,37.56667421,127.0152049,103
절도,2015-03-06 13:00,37.56333296,127.0078205,160
절도,2015-03-01 18:00,37.56636186,127.0223367,55
절도,2015-12-09 19:00,37.56517612,127.0175516,31
절도,2015-03-12 20:00,37.54520697,127.0087405,186
절도,2015-12-04 13:00,37.56846085,127.0122156,113
폭행,2015-03-11 17:00,37.5537556,127.0161432,263
폭행,2015-09-05 23:00,37.55986003,127.0134907,92
폭행,2015-12-15 0:00,37.56493568,127.0050977,78
폭행,2015-02-17 2:00,37.56740242,127.0125192,112
폭행,2015-11-20 3:00,37.56882103,126.9858282,279
절도,2015-06-20 13:00,37.56334723,127.0131136,156
절도,2015-03-15 8:00,37.56651689,127.0205552,53
절도,2015-01-29 14:00,37.56483995,126.9861709,311
절도,2015-11-02 6:00,37.54694025,127.0065981,196
폭행,2015-10-15 17:00,37.5626888,127.0103899,153
절도,2015-05-31 12:00,37.54725588,127.0089858,240
절도,2015-08-29 20:00,37.56742687,127.0116969,115
폭행,2015-06-05 22:00,37.56481816,127.0230468,17
절도,2015-06-24 1:00,37.56168687,127.0132195,159
절도,2015-08-18 11:00,37.56873283,127.0107404,119
절도,2015-02-07 10:00,37.5662403,127.0156085,64
폭행,2015-03-23 21:00,37.56651638,127.0216418,55
절도,2015-01-25 16:00,37.56617837,126.9894721,326
강간,2015-08-13 12:00,37.55225671,127.0104208,234
절도,2015-06-21 11:00,37.55153795,127.0153597,272
절도,2015-05-30 5:00,37.56360606,127.0173011,39
절도,2015-06-30 9:00,37.56272119,127.0085649,160
절도,2015-10-21 2:00,37.56276182,126.9924359,345
절도,2015-06-01 9:00,37.56823673,127.0067256,123
절도,2015-09-09 0:00,37.56379532,127.0156975,43
폭행,2015-08-06 23:00,37.5469995,127.0065196,196
폭행,2015-03-20 22:00,37.5632482,126.9914871,342
폭행,2015-04-16 4:00,37.55949123,127.0138065,92
절도,2015-04-17 18:00,37.56778815,127.0129985,112
절도,2015-07-30 15:00,37.56494959,127.0054182,148
폭행,2015-11-07 13:00,37.5646078,127.0134573,102
절도,2015-06-02 20:00,37.5565629,127.0123401,211
폭행,2015-12-30 10:00,37.55121273,127.0138293,273
절도,2015-02-23 3:00,37.55554727,127.0154239,251
폭행,2015-12-20 18:00,37.56686876,127.0228531,57
절도,2015-04-10 17:00,37.54942187,127.0131703,219
폭행,2015-06-03 23:00,37.56910436,127.0154189,65
폭행,2015-05-21 2:00,37.56549585,127.0225403,58
절도,2015-07-08 23:00,37.55464967,127.0135567,252
폭행,2015-06-14 16:00,37.56084169,127.0227508,35
절도,2015-09-26 23:00,37.56102459,127.0060224,86
폭행,2015-12-22 18:00,37.5673726,127.0113739,115
폭행,2015-07-21 16:00,37.56866549,126.9950862,294
폭행,2015-02-13 1:00,37.55818313,127.0151413,249
절도,2015-10-22 4:00,37.55009186,127.0119839,226
폭행,2015-02-06 17:00,37.5446289,127.0076222,181
절도,2015-10-05 16:00,37.56510329,127.0216668,22
폭행,2015-04-01 22:00,37.56577666,127.0151268,104
절도,2015-04-19 20:00,37.56641651,127.011305,116
절도,2015-09-11 7:00,37.5540115,127.0168258,264
절도,2015-04-03 19:00,37.54891605,127.0127497,221
폭행,2015-10-21 22:00,37.56281606,127.0045577,82
폭행,2015-06-30 23:00,37.56870985,127.0125263,113
절도,2015-03-22 3:00,37.5648917,126.9917353,346
절도,2015-01-27 18:00,37.5678582,126.9838715,277
폭행,2015-08-22 21:00,37.5606938,127.0112789,168
폭행,2015-09-10 19:00,37.56586629,126.9875359,331
절도,2015-01-20 21:00,37.55503574,127.0143376,252
절도,2015-09-02 16:00,37.56726429,127.0142441,111
절도,2015-07-22 23:00,37.5609523,127.019457,37
폭행,2015-03-17 16:00,37.55887121,127.0116138,90
폭행,2015-10-16 0:00,37.54998023,127.013046,219
절도,2015-11-25 16:00,37.56615286,127.0060001,132
절도,2015-09-26 5:00,37.56733764,126.9964472,285
절도,2015-11-28 12:00,37.56733395,126.9863221,305
절도,2015-02-14 12:00,37.56371874,127.0108034,142
폭행,2015-08-01 0:00,37.56615517,127.0235378,58
폭행,2015-09-19 23:00,37.55559377,127.0121234,210
폭행,2015-01-07 22:00,37.54919978,127.0070591,202
절도,2015-10-07 20:00,37.54967524,127.0096476,237
절도,2015-08-14 1:00,37.55105823,127.0135313,273
폭행,2015-10-03 21:00,37.56637091,127.0135152,107
폭행,2015-07-13 22:00,37.56382828,127.0259511,3
폭행,2015-03-27 14:00,37.54849744,127.0113917,227
절도,2015-01-25 13:00,37.56431183,126.9899587,315
폭행,2015-12-31 22:00,37.56964715,127.0140761,66
폭행,2015-05-24 23:00,37.56647723,127.024063,59
절도,2015-06-03 11:00,37.55902293,127.0113808,171
폭행,2015-10-28 18:00,37.56778589,126.9850603,280
폭행,2015-02-04 13:00,37.56728472,126.9944045,289
폭행,2015-03-16 8:00,37.56620074,126.9893656,327
폭행,2015-02-09 2:00,37.56432558,127.0239189,15
절도,2015-10-16 12:00,37.5643666,127.0086362,145
폭행,2015-07-01 19:00,37.56375545,127.0231434,13
절도,2015-05-28 17:00,37.55900717,127.013902,92
강간,2015-02-06 1:00,37.56614831,127.0052221,79
절도,2015-06-14 1:00,37.55594251,127.0130718,213
폭행,2015-02-14 23:00,37.5601825,127.0078865,87
절도,2015-07-15 17:00,37.56651186,127.0182538,47
절도,2015-02-11 9:00,37.56255584,127.0059143,178
폭행,2015-09-11 0:00,37.54403457,127.008945,182
절도,2015-12-16 20:00,37.56551006,126.98966,333
절도,2015-05-19 16:00,37.56498607,127.0257427,1
절도,2015-04-06 20:00,37.56419918,127.0132933,155
폭행,2015-12-19 21:00,37.55613929,127.012787,213
절도,2015-10-21 0:00,37.56745568,127.0114489,115
절도,2015-06-21 13:00,37.56877003,126.9904297,301
절도,2015-04-24 3:00,37.55760719,127.0174967,244
절도,2015-10-10 14:00,37.56615595,127.0111284,137
폭행,2015-06-19 17:00,37.56270864,126.9902761,341
강간,2015-02-02 21:00,37.5664718,126.990641,325
절도,2015-10-28 21:00,37.55255593,127.0130692,217
절도,2015-12-02 9:00,37.56197691,127.0221495,33
폭행,2015-08-26 5:00,37.56660672,127.020724,53
절도,2015-08-23 21:00,37.55515364,127.0147636,260
절도,2015-01-13 12:00,37.56471571,127.0103874,140
폭행,2015-08-02 13:00,37.5687843,126.9847184,278
폭행,2015-04-03 21:00,37.56641765,127.0246057,59
폭행,2015-06-21 5:00,37.56639038,127.0179384,47
절도,2015-07-23 20:00,37.56239178,127.0105282,164
폭행,2015-12-23 7:00,37.56694521,127.0052766,77
절도,2015-05-17 4:00,37.55236971,127.0152187,270
절도,2015-03-04 22:00,37.56605098,126.9893506,332
절도,2015-12-14 9:00,37.56758948,126.9897028,298
폭행,2015-01-10 3:00,37.5546746,127.0148084,260
절도,2015-03-08 18:00,37.54563527,127.005132,193
절도,2015-12-04 3:00,37.55397191,127.0167001,263
폭행,2015-11-10 0:00,37.56291944,127.0080234,160
폭행,2015-12-22 0:00,37.56700369,127.0092232,121
절도,2015-06-10 7:00,37.56471729,126.9860023,311
절도,2015-10-18 17:00,37.56964674,127.0074522,71
폭행,2015-03-19 2:00,37.54911176,127.0076114,201
절도,2015-02-04 3:00,37.55515137,127.0143762,252
절도,2015-04-22 5:00,37.55503635,127.0162847,258
절도,2015-03-28 22:00,37.55062772,127.0111059,226
절도,2015-12-13 4:00,37.55474327,127.0099149,207
폭행,2015-07-27 22:00,37.56254333,127.0112133,158
절도,2015-04-06 16:00,37.56824247,126.9915556,300
절도,2015-03-23 5:00,37.56448638,127.0234001,17
절도,2015-12-13 2:00,37.54650249,127.0055167,195
절도,2015-10-21 19:00,37.56918458,127.0132997,67
폭행,2015-04-26 22:00,37.54932753,127.0120699,225
절도,2015-02-11 18:00,37.56382372,127.0156718,43
폭행,2015-11-22 15:00,37.56846898,127.004842,75
절도,2015-08-06 23:00,37.56785625,127.0119465,115
폭행,2015-02-16 17:00,37.5627061,126.9883543,337
폭행,2015-04-23 0:00,37.56811127,126.9870971,304
폭행,2015-09-10 0:00,37.56547218,126.9840548,307
폭행,2015-05-29 17:00,37.56721298,126.9924395,296
폭행,2015-11-05 17:00,37.56163202,127.0233111,32
폭행,2015-12-09 1:00,37.56154986,127.009971,163
폭행,2015-03-30 4:00,37.56808734,127.0048827,75
절도,2015-01-26 19:00,37.56734733,127.0089091,120
절도,2015-12-27 10:00,37.55212185,127.011673,223
절도,2015-03-16 11:00,37.56821113,127.00902,122
절도,2015-11-21 17:00,37.56321691,127.0100013,153
절도,2015-05-27 0:00,37.56600069,126.987136,331
폭행,2015-10-03 0:00,37.5673874,127.0069534,127
절도,2015-09-21 12:00,37.55251307,127.0123233,217
폭행,2015-09-14 20:00,37.54780981,127.0092329,239
절도,2015-07-06 19:00,37.55148237,127.0131126,218
절도,2015-06-21 6:00,37.56794784,127.0120822,115
절도,2015-02-25 19:00,37.55245606,127.0150259,270
폭행,2015-11-30 22:00,37.56906871,127.0149837,65
절도,2015-06-17 0:00,37.55122335,127.015253,272
절도,2015-03-07 11:00,37.56358349,126.9890143,313
절도,2015-03-09 17:00,37.56230235,127.012094,158
절도,2015-08-23 1:00,37.55387187,127.0146651,269
절도,2015-07-21 8:00,37.55288045,127.0151159,268
폭행,2015-12-14 20:00,37.56395442,127.0124947,155
폭행,2015-03-27 5:00,37.56591958,126.9856785,312
절도,2015-12-31 10:00,37.56438692,126.9890255,335
절도,2015-06-28 22:00,37.5662215,126.9914158,325
폭행,2015-01-02 22:00,37.56351519,127.018868,41
절도,2015-12-10 23:00,37.56375245,127.0271727,4
절도,2015-11-29 11:00,37.56729939,126.9855228,280
폭행,2015-03-15 19:00,37.56748255,126.9901546,298
절도,2015-03-21 9:00,37.56911215,127.016412,61
절도,2015-07-05 7:00,37.56670894,126.9849821,330
절도,2015-10-04 19:00,37.56815307,126.9969081,291
절도,2015-02-04 11:00,37.54630846,127.0048844,193
절도,2015-08-23 19:00,37.54852741,127.0082578,200
폭행,2015-07-06 9:00,37.56896464,127.0095913,69
폭행,2015-01-07 5:00,37.56737997,127.0071119,127
강도,2015-07-08 4:00,37.5662814,126.9924484,324
절도,2015-09-17 7:00,37.56687242,126.9925998,324
절도,2015-12-20 16:00,37.56663632,126.9961579,321
강간,2015-11-29 17:00,37.56201825,127.0134252,99
강간,2015-12-19 18:00,37.56150152,127.0219021,36
절도,2015-08-06 17:00,37.56864954,126.9914977,300
절도,2015-12-22 21:00,37.56612312,126.9901739,333
절도,2015-11-09 10:00,37.56186764,127.013347,99
절도,2015-09-17 10:00,37.55936331,127.0110636,171
강간,2015-03-19 5:00,37.56309617,126.991741,345
절도,2015-06-06 14:00,37.56810811,127.0046191,75
폭행,2015-05-02 5:00,37.56839606,126.9924089,299
절도,2015-12-11 20:00,37.54379945,127.0065548,183
절도,2015-06-16 16:00,37.56081897,127.0074485,176
폭행,2015-05-25 21:00,37.55789719,127.0157788,243
절도,2015-09-11 23:00,37.56291545,127.0213946,20
절도,2015-11-22 16:00,37.56677214,126.9897623,326
폭행,2015-10-06 4:00,37.56617021,127.0052048,77
절도,2015-05-05 2:00,37.55940189,127.0118998,171
폭행,2015-04-07 11:00,37.56546383,126.9935166,320
절도,2015-05-28 1:00,37.55060496,127.0077777,241
폭행,2015-01-25 9:00,37.56336258,127.0081388,160
절도,2015-10-30 19:00,37.5680837,126.999076,283
절도,2015-08-04 4:00,37.5541035,127.0103212,209
절도,2015-04-17 5:00,37.56560004,127.0057368,132
절도,2015-06-23 17:00,37.56353532,126.9925148,344
절도,2015-11-16 15:00,37.56695674,126.9944561,323
절도,2015-09-11 18:00,37.5469808,127.007184,196
폭행,2015-09-22 4:00,37.56624948,127.023971,59
폭행,2015-10-29 2:00,37.56841227,127.0126613,113
절도,2015-12-30 14:00,37.56815823,127.0113788,114
폭행,2015-09-27 2:00,37.56798114,127.0097196,122
폭행,2015-02-23 21:00,37.54839791,127.0127489,221
폭행,2015-10-13 1:00,37.56456316,127.009273,143
폭행,2015-04-22 17:00,37.56827692,127.0125059,113
절도,2015-07-11 12:00,37.5685415,127.0057378,125
폭행,2015-08-13 16:00,37.55132703,127.0092843,235
폭행,2015-06-15 23:00,37.55176699,127.0139226,273
폭행,2015-02-22 22:00,37.568965,127.0088954,69
폭행,2015-09-28 1:00,37.56085768,127.0122774,166
폭행,2015-04-08 15:00,37.55303737,127.0174304,266
절도,2015-07-12 6:00,37.56691011,127.0104621,117
절도,2015-05-23 20:00,37.56734836,126.9920658,296
절도,2015-03-01 7:00,37.56346523,126.990861,342
절도,2015-05-19 7:00,37.56219152,127.0194707,28
절도,2015-04-02 16:00,37.56306866,126.9898416,341
절도,2015-03-22 1:00,37.55188193,127.0109383,234
절도,2015-11-08 15:00,37.56706254,127.0055201,129
폭행,2015-01-02 4:00,37.56939983,127.0048501,72
폭행,2015-03-30 18:00,37.55670154,127.0129177,211
폭행,2015-07-18 2:00,37.56699171,127.022348,55
폭행,2015-06-26 14:00,37.56833535,127.005746,125
폭행,2015-05-02 21:00,37.56753077,127.0164568,63
절도,2015-06-30 11:00,37.5466908,127.0050958,194
절도,2015-07-22 20:00,37.54912026,127.0072962,201
절도,2015-06-16 22:00,37.56270068,127.0134344,100
절도,2015-02-22 22:00,37.56870189,127.0117133,114
절도,2015-07-21 16:00,37.56489097,127.0131106,139
절도,2015-05-20 9:00,37.56506829,126.9894971,316
폭행,2015-02-14 21:00,37.56858841,126.9942805,294
폭행,2015-09-30 11:00,37.56683312,127.0115938,116
폭행,2015-10-23 22:00,37.5493063,127.0139789,276
절도,2015-12-21 11:00,37.56272771,127.0090597,152
폭행,2015-03-10 2:00,37.56452743,126.9924285,346
절도,2015-05-24 16:00,37.54395242,127.0079245,181
절도,2015-02-10 14:00,37.56655968,127.0109649,117
절도,2015-12-31 8:00,37.55910028,127.0108868,170
폭행,2015-09-28 15:00,37.55404429,127.0153664,269
폭행,2015-03-13 5:00,37.56655945,126.9918198,324
폭행,2015-05-30 10:00,37.5631485,127.0207595,29
절도,2015-11-20 19:00,37.55789732,127.0159465,243
폭행,2015-01-07 13:00,37.56381553,127.025545,14
폭행,2015-01-26 12:00,37.55959999,127.0110857,171
절도,2015-09-10 2:00,37.56610548,126.9883469,332
절도,2015-06-03 7:00,37.56516074,127.0216526,22
절도,2015-07-02 15:00,37.56293741,127.0130216,156
폭행,2015-11-25 20:00,37.56721579,126.9980183,288
절도,2015-05-08 23:00,37.5619369,127.0152448,95
폭행,2015-09-14 11:00,37.56422653,127.0154532,97
절도,2015-11-22 11:00,37.56868113,127.008741,124
강간,2015-05-12 3:00,37.56689012,126.9866576,329
폭행,2015-04-17 7:00,37.56448621,127.0196337,30
절도,2015-10-14 18:00,37.56269835,127.0071926,151
폭행,2015-08-24 17:00,37.56255054,127.0061339,178
폭행,2015-08-05 20:00,37.56968102,127.0161412,61
절도,2015-07-12 22:00,37.55143023,127.0144539,272
폭행,2015-03-29 2:00,37.56258191,127.0143826,100
폭행,2015-04-10 2:00,37.56294223,126.9876376,339
폭행,2015-07-25 20:00,37.55090035,127.0139935,275
절도,2015-11-01 13:00,37.56929605,127.009836,69
절도,2015-08-10 5:00,37.56073621,127.0140993,94
절도,2015-06-13 13:00,37.55161632,127.015491,272
절도,2015-06-03 16:00,37.5665101,127.0139024,107
폭행,2015-05-27 19:00,37.56665912,126.9901978,326
절도,2015-06-01 0:00,37.56854712,126.99088,300
폭행,2015-02-19 23:00,37.56468298,127.0138005,102
폭행,2015-08-25 2:00,37.56537608,127.0071533,133
절도,2015-10-26 20:00,37.56884085,126.9880803,303
폭행,2015-11-08 22:00,37.56378959,126.9924847,344
절도,2015-09-27 8:00,37.56468599,127.0148084,45
폭행,2015-03-19 9:00,37.56843875,126.9955049,292
폭행,2015-02-01 7:00,37.56329025,126.9922335,345
절도,2015-06-29 11:00,37.56920963,127.0138273,66
절도,2015-08-19 3:00,37.5648028,127.0117804,141
절도,2015-01-06 18:00,37.56522239,127.0258174,1
폭행,2015-06-22 22:00,37.56303325,127.02642,8
절도,2015-07-29 16:00,37.55697035,127.0174077,256
폭행,2015-11-19 12:00,37.56714321,126.9840701,277
폭행,2015-12-18 3:00,37.56665267,126.9914857,325
폭행,2015-05-18 21:00,37.55593278,127.0118947,210
강간,2015-11-08 16:00,37.56501726,127.0233965,17
절도,2015-02-28 17:00,37.56344947,126.9876843,339
폭행,2015-05-14 23:00,37.55221977,127.0161884,271
폭행,2015-08-07 22:00,37.56188864,127.0199347,28
절도,2015-03-28 14:00,37.56454153,127.0161238,44
절도,2015-06-04 5:00,37.56720457,127.0107052,118
강간,2015-06-20 22:00,37.56133316,127.0082736,175
폭행,2015-05-06 10:00,37.54929815,127.0084025,199
폭행,2015-06-28 3:00,37.56845336,126.9960892,292
폭행,2015-09-21 9:00,37.55616834,127.011374,210
절도,2015-01-18 14:00,37.55571723,127.0134015,253
폭행,2015-05-02 21:00,37.55221341,127.011676,223
절도,2015-12-14 8:00,37.56324339,127.0061861,150
절도,2015-04-09 20:00,37.56564763,126.9935682,320
절도,2015-06-04 7:00,37.5629909,127.0235948,10
절도,2015-09-30 5:00,37.56706786,127.0051875,76
절도,2015-10-05 7:00,37.56462458,126.9864249,311
폭행,2015-01-27 0:00,37.54465639,127.0077618,186
절도,2015-12-19 5:00,37.56799629,127.0086754,124
절도,2015-08-25 15:00,37.56683891,126.9947609,323
절도,2015-09-10 16:00,37.5656727,127.016509,46
절도,2015-06-10 10:00,37.56859852,126.9945243,294
폭행,2015-12-26 22:00,37.56971523,127.0075411,71
폭행,2015-03-13 21:00,37.56480747,127.0108703,140
폭행,2015-04-12 21:00,37.56171748,127.0125703,159
폭행,2015-08-22 20:00,37.56753516,127.0126053,112
절도,2015-01-08 21:00,37.56369677,126.9884678,313
절도,2015-03-14 9:00,37.55181261,127.0097587,235
절도,2015-05-31 19:00,37.55538456,127.0117275,212
폭행,2015-04-11 22:00,37.55346316,127.0164476,267
절도,2015-03-19 10:00,37.55323442,127.0107094,206
폭행,2015-12-06 21:00,37.5603133,127.0073863,85
절도,2015-05-07 16:00,37.54860654,127.0115805,227
절도,2015-11-20 19:00,37.56546891,126.9882101,331
폭행,2015-10-11 11:00,37.56364552,127.0082691,145
폭행,2015-06-03 15:00,37.56131635,127.0129159,166
폭행,2015-08-30 22:00,37.56363747,127.0255455,5
강간,2015-06-20 22:00,37.56834689,127.0045052,75
절도,2015-08-23 6:00,37.56308536,127.0150131,98
폭행,2015-02-09 0:00,37.56827658,127.0043495,75
폭행,2015-10-15 22:00,37.56913801,127.0074569,71
절도,2015-04-18 6:00,37.56293605,127.0086129,160
절도,2015-07-09 8:00,37.55353135,127.014883,268
절도,2015-08-15 10:00,37.552075,127.010083,234
절도,2015-05-15 9:00,37.54710519,127.0072274,196
폭행,2015-05-07 2:00,37.55460811,127.0133855,252
강도,2015-08-07 2:00,37.56884832,127.0070338,123
폭행,2015-12-03 23:00,37.55729392,127.0139397,247
절도,2015-08-03 18:00,37.5624847,127.0082331,161
절도,2015-04-16 20:00,37.56475053,127.0274192,0
폭행,2015-09-09 16:00,37.56656298,127.0102493,117
폭행,2015-11-15 3:00,37.56496323,127.0228142,17
절도,2015-09-01 23:00,37.55895832,127.0152493,242
절도,2015-10-28 5:00,37.56340376,127.023501,12
폭행,2015-06-02 18:00,37.56148599,127.0080529,175
폭행,2015-03-01 1:00,37.5681161,126.9986852,283
폭행,2015-02-15 11:00,37.54775322,127.0071293,197
폭행,2015-03-23 15:00,37.56688163,127.0049213,77
폭행,2015-04-26 17:00,37.56926215,127.0050123,72
강간,2015-01-31 20:00,37.56611265,127.0076983,135
절도,2015-04-16 10:00,37.55606048,127.0148682,251
폭행,2015-05-14 7:00,37.56519983,126.9893642,335
절도,2015-03-22 13:00,37.56471217,127.013033,139
강간,2015-03-25 2:00,37.56276012,127.0141515,100
폭행,2015-10-26 3:00,37.56137145,127.013183,166
폭행,2015-01-10 22:00,37.54870349,127.0104236,230
절도,2015-01-15 5:00,37.56140322,127.0215969,36
절도,2015-10-13 23:00,37.55480677,127.0174301,265
절도,2015-12-15 18:00,37.54686739,127.0044434,194
폭행,2015-11-05 21:00,37.55248534,127.011652,223
폭행,2015-08-06 12:00,37.5684383,126.9923812,299
폭행,2015-12-25 21:00,37.55581532,127.0124907,213
강간,2015-11-13 0:00,37.56167954,127.0050381,84
폭행,2015-02-11 19:00,37.56852764,127.005874,125
절도,2015-01-05 12:00,37.56610816,127.0193579,52
폭행,2015-01-01 22:00,37.54780212,127.0106843,229
폭행,2015-07-19 21:00,37.56724849,126.9897932,298
폭행,2015-05-31 0:00,37.56346981,126.9913528,342
폭행,2015-02-16 23:00,37.54799298,127.0090992,239
폭행,2015-03-25 17:00,37.56481953,127.0079679,146
폭행,2015-12-02 10:00,37.55347196,127.014367,261
폭행,2015-05-04 0:00,37.56926518,127.012643,67
절도,2015-01-30 6:00,37.56395343,127.0062596,149
절도,2015-12-06 7:00,37.56459328,126.9901446,316
폭행,2015-03-02 2:00,37.56201817,127.0109132,164
절도,2015-11-16 23:00,37.56856755,126.9970834,291
절도,2015-07-06 20:00,37.56421005,127.0043962,80
폭행,2015-12-27 11:00,37.56751441,127.0120194,115
절도,2015-07-19 14:00,37.54951986,127.0087856,237
폭행,2015-06-17 3:00,37.56647305,127.0112085,116
폭행,2015-06-10 2:00,37.56737338,126.9939866,289
절도,2015-01-24 13:00,37.56397195,126.9906502,314
절도,2015-05-04 11:00,37.56589393,127.0160423,46
절도,2015-01-04 4:00,37.56242479,127.0111602,158
폭행,2015-07-19 23:00,37.56278056,126.986737,336
절도,2015-05-18 14:00,37.56389117,126.9903615,315
폭행,2015-06-05 20:00,37.55503255,127.0123975,214
폭행,2015-04-04 4:00,37.56751299,126.994699,289
절도,2015-06-26 19:00,37.56273255,126.9934568,343
절도,2015-03-27 8:00,37.5489944,127.0126183,221
폭행,2015-12-26 22:00,37.56859838,127.0145416,109
폭행,2015-03-02 18:00,37.56202425,127.0220714,33
폭행,2015-06-06 6:00,37.5593924,127.0089057,88
절도,2015-03-26 15:00,37.56329577,126.9938436,343
절도,2015-09-02 22:00,37.56413194,127.0081742,145
강간,2015-02-03 19:00,37.55262293,127.0121638,223
절도,2015-05-01 11:00,37.56761152,126.9862637,305
폭행,2015-08-23 1:00,37.56960995,127.0074221,71
폭행,2015-11-10 23:00,37.55797677,127.0162421,243
폭행,2015-10-04 2:00,37.5615057,127.0100559,163
폭행,2015-10-07 15:00,37.54907707,127.0127342,221
절도,2015-12-29 5:00,37.55593034,127.0162853,259
절도,2015-07-18 20:00,37.56524881,127.0069923,147
폭행,2015-12-12 22:00,37.5610165,127.0104235,163
절도,2015-08-01 23:00,37.55626132,127.0172186,257
폭행,2015-11-06 15:00,37.54803475,127.0074708,197
폭행,2015-05-18 7:00,37.55988198,127.0104035,170
절도,2015-07-22 20:00,37.5672981,126.9975268,288
폭행,2015-04-27 12:00,37.56812641,127.0065522,123
절도,2015-09-18 14:00,37.56562331,127.0047573,79
절도,2015-09-26 20:00,37.55010008,127.0112352,226
폭행,2015-09-24 16:00,37.55137152,127.0151143,272
폭행,2015-10-29 22:00,37.56172457,127.0103542,164
폭행,2015-09-18 15:00,37.56666654,127.0058219,129
강간,2015-02-04 15:00,37.55658341,127.0186758,245
절도,2015-12-31 2:00,37.56798268,126.9940634,294
절도,2015-07-15 14:00,37.56656431,126.9979462,287
절도,2015-07-17 23:00,37.56859907,126.9896683,301
절도,2015-08-14 15:00,37.54671154,127.0044966,194
절도,2015-06-27 21:00,37.55468212,127.0125804,214
절도,2015-11-21 20:00,37.56347681,127.0244435,15
절도,2015-06-04 2:00,37.56786269,126.9909219,297
절도,2015-09-23 13:00,37.56523123,127.0258952,2
폭행,2015-01-01 14:00,37.56599769,127.0109476,136
폭행,2015-09-19 7:00,37.56663331,127.0065153,130
폭행,2015-07-05 18:00,37.56641044,126.989839,326
절도,2015-04-24 12:00,37.56923869,127.0121948,67
절도,2015-06-19 7:00,37.562801,127.0190791,26
폭행,2015-12-18 15:00,37.56109807,127.0059814,86
강간,2015-07-15 11:00,37.56491484,126.9885161,335
절도,2015-10-30 9:00,37.56133308,127.0134166,93
폭행,2015-04-24 5:00,37.54669656,127.0057226,195
폭행,2015-04-01 23:00,37.5591923,127.0124084,172
폭행,2015-04-23 23:00,37.56772288,126.9885718,282
폭행,2015-10-05 19:00,37.56688181,127.0057504,129
절도,2015-12-08 14:00,37.54645077,127.0042431,194
폭행,2015-04-18 9:00,37.56963336,127.0141163,66
절도,2015-09-22 21:00,37.54974672,127.0123577,219
폭행,2015-04-07 10:00,37.56271308,127.0130698,156
폭행,2015-09-19 4:00,37.56893086,127.0072424,71
폭행,2015-06-02 16:00,37.5673501,127.0107581,118
폭행,2015-11-13 1:00,37.56917382,127.0081888,70
절도,2015-11-08 5:00,37.56807732,127.0061208,125
절도,2015-04-02 10:00,37.56716854,127.0146463,108
폭행,2015-05-13 13:00,37.5682968,126.9859457,279
절도,2015-05-21 20:00,37.56853092,126.992625,299
폭행,2015-10-15 21:00,37.56234072,127.0244628,18
절도,2015-04-05 18:00,37.55740453,127.0159994,243
절도,2015-12-20 13:00,37.55933869,127.0123189,172
절도,2015-03-11 9:00,37.5529024,127.0145989,268
강간,2015-02-17 21:00,37.56192482,127.0218021,19
폭행,2015-07-09 2:00,37.56730403,127.0166463,63
절도,2015-06-17 8:00,37.56144599,127.0224299,35
절도,2015-07-30 16:00,37.56206557,127.0078383,161
폭행,2015-02-24 17:00,37.5685468,127.0070154,123
폭행,2015-12-06 23:00,37.55858059,127.0142919,250
폭행,2015-07-28 18:00,37.5610755,127.0116288,165
절도,2015-08-30 6:00,37.55748913,127.0137614,247
절도,2015-02-01 14:00,37.56291328,127.0133992,100
절도,2015-05-07 20:00,37.56329959,127.0241393,11
폭행,2015-04-04 16:00,37.56629078,127.0227905,57
폭행,2015-04-18 21:00,37.5654212,127.0093751,134
폭행,2015-03-23 16:00,37.56122517,127.0081773,175
절도,2015-07-20 7:00,37.56380042,127.020156,24
폭행,2015-01-31 20:00,37.56098874,127.0196959,37
절도,2015-03-23 13:00,37.56333341,126.9896181,341
절도,2015-11-28 21:00,37.56244776,127.0141302,99
폭행,2015-12-11 20:00,37.54682382,127.0049786,194
폭행,2015-08-06 22:00,37.55832779,127.0149928,249
폭행,2015-12-20 4:00,37.55278305,127.0157584,267
폭행,2015-06-24 10:00,37.56094956,127.00764,175
절도,2015-04-16 12:00,37.5641276,127.0208925,24
폭행,2015-06-25 3:00,37.56645449,126.9970254,322
폭행,2015-06-26 23:00,37.5620204,127.0215177,19
폭행,2015-04-01 0:00,37.56550089,126.9854964,312
절도,2015-07-30 17:00,37.55125246,127.0076905,203
절도,2015-12-23 21:00,37.5666805,126.9924971,324
폭행,2015-10-29 11:00,37.5543407,127.0156138,263
폭행,2015-06-13 9:00,37.55086104,127.00819,241
폭행,2015-01-02 19:00,37.56656878,127.0182034,47
절도,2015-04-04 10:00,37.56549054,126.9929738,320
절도,2015-05-26 22:00,37.56317015,127.0154661,98
폭행,2015-11-28 3:00,37.56021254,127.0126412,167
절도,2015-11-17 17:00,37.56686198,127.0240154,59
폭행,2015-08-29 19:00,37.5629891,126.9924181,345
폭행,2015-03-19 1:00,37.56565411,127.0238119,60
폭행,2015-10-28 21:00,37.56307454,127.016393,96
절도,2015-09-23 23:00,37.55578431,127.0155532,251
절도,2015-12-12 6:00,37.5545141,127.0169429,265
절도,2015-08-16 4:00,37.56325218,127.0122043,156
폭행,2015-01-24 3:00,37.55969296,127.0091462,88
절도,2015-04-21 21:00,37.56294122,127.0203245,29
절도,2015-01-13 20:00,37.5655998,127.0200072,52
절도,2015-02-18 14:00,37.56305504,127.010205,153
폭행,2015-02-14 12:00,37.54938216,127.0124728,219
절도,2015-10-02 17:00,37.56192456,127.0058884,178
절도,2015-06-08 12:00,37.56433265,127.0222433,21
절도,2015-02-04 12:00,37.56453018,127.0159387,44
폭행,2015-01-26 16:00,37.55278562,127.0159809,267
절도,2015-08-16 13:00,37.56434328,127.0185524,41
절도,2015-04-15 8:00,37.54988822,127.0113599,225
폭행,2015-04-12 7:00,37.56304101,127.0119099,157
절도,2015-04-05 11:00,37.56827884,126.9897891,301
폭행,2015-06-01 5:00,37.56879146,126.9964681,291
폭행,2015-09-06 4:00,37.56607794,127.0217137,56
폭행,2015-12-15 11:00,37.54634178,127.0053564,192
폭행,2015-07-16 19:00,37.5636271,127.0175271,39
절도,2015-03-10 9:00,37.56752606,126.9901503,298
강간,2015-08-18 1:00,37.55513104,127.0163246,258
절도,2015-08-13 14:00,37.5639179,127.0094541,144
절도,2015-01-11 12:00,37.56545222,126.9864103,308
폭행,2015-07-07 6:00,37.5516912,127.0082902,203
절도,2015-12-08 21:00,37.54629955,127.0089681,190
절도,2015-12-18 16:00,37.54481794,127.0079854,186
폭행,2015-01-08 12:00,37.55495111,127.0153626,260
폭행,2015-08-28 18:00,37.55552207,127.0115898,210
폭행,2015-11-12 18:00,37.56798491,127.0079122,124
절도,2015-04-18 16:00,37.56370049,127.0094311,144
절도,2015-04-19 23:00,37.56118213,127.0068244,176
폭행,2015-08-25 21:00,37.56467111,127.0044473,78
절도,2015-01-02 16:00,37.55143895,127.0108755,233
폭행,2015-10-22 20:00,37.56336242,126.9904716,341
폭행,2015-09-05 15:00,37.56564564,127.0204043,54
폭행,2015-02-18 7:00,37.56639794,127.0075682,130
폭행,2015-06-12 10:00,37.56746017,126.9964684,285
절도,2015-03-18 16:00,37.56339269,126.9862016,336
절도,2015-08-14 22:00,37.56226628,127.0242071,18
폭행,2015-01-04 10:00,37.56465454,127.0268147,2
절도,2015-04-21 17:00,37.56828974,126.987526,303
폭행,2015-12-23 23:00,37.56322483,126.9888032,337
절도,2015-10-15 12:00,37.54895497,127.0075941,201
절도,2015-04-05 19:00,37.55260797,127.0116773,223
절도,2015-10-26 23:00,37.56175796,127.0192935,28
폭행,2015-02-12 11:00,37.56600564,127.0095473,134
절도,2015-12-25 11:00,37.56626746,126.9896658,326
절도,2015-12-23 4:00,37.56513269,127.0162504,44
폭행,2015-09-22 11:00,37.5687556,127.0137912,110
폭행,2015-03-10 14:00,37.56290275,127.0264764,8
절도,2015-11-30 3:00,37.56661343,127.0167835,49
폭행,2015-06-15 21:00,37.56495108,127.0049109,78
강간,2015-12-04 8:00,37.55545517,127.015865,259
폭행,2015-11-25 21:00,37.55575741,127.0125363,213
폭행,2015-10-24 10:00,37.56855379,126.988731,302
폭행,2015-04-14 15:00,37.54574842,127.0062165,192
폭행,2015-11-11 8:00,37.56345535,127.0107515,153
폭행,2015-04-29 2:00,37.56586667,127.012749,138
폭행,2015-01-07 23:00,37.54604766,127.0060504,192
폭행,2015-03-01 19:00,37.54905724,127.007142,201
절도,2015-08-11 12:00,37.56829868,127.006083,125
절도,2015-02-22 17:00,37.56574377,127.0219378,56
절도,2015-06-04 15:00,37.56316904,127.0138843,100
폭행,2015-09-22 19:00,37.56420847,127.0226387,13
절도,2015-03-13 23:00,37.56181498,127.0045451,83
절도,2015-03-23 4:00,37.5600818,127.0139703,94
폭행,2015-11-20 12:00,37.56313881,127.0234166,12
절도,2015-07-10 14:00,37.56360135,127.0160933,43
절도,2015-10-09 9:00,37.56871897,127.0059895,125
강간,2015-08-07 6:00,37.56546887,126.9887043,332
폭행,2015-08-23 3:00,37.56610575,127.0111586,137
절도,2015-12-28 23:00,37.56772726,126.9923781,296
폭행,2015-10-28 7:00,37.56593288,127.0154162,104
폭행,2015-06-11 11:00,37.56269197,126.9886047,337
폭행,2015-10-11 12:00,37.56484437,127.0208745,23
절도,2015-10-10 20:00,37.56340847,126.9888986,337
절도,2015-04-26 4:00,37.55101748,127.0133155,273
폭행,2015-02-16 18:00,37.55093115,127.0106071,233
폭행,2015-06-10 4:00,37.56116314,127.0043017,84
폭행,2015-03-12 20:00,37.56420695,127.0213414,21
폭행,2015-09-27 14:00,37.54946819,127.013226,219
폭행,2015-03-21 5:00,37.55257519,127.0133413,274
절도,2015-06-29 10:00,37.54934963,127.0084519,199
폭행,2015-04-14 21:00,37.56515747,127.0106746,140
폭행,2015-10-26 7:00,37.54384286,127.0059752,184
폭행,2015-02-02 12:00,37.56680796,127.0180209,47
폭행,2015-07-31 19:00,37.56262807,127.0193921,26
폭행,2015-10-30 16:00,37.56432064,127.0109247,142
폭행,2015-01-09 13:00,37.56520467,126.9895299,316
절도,2015-10-26 20:00,37.56649132,127.014218,107
절도,2015-03-04 1:00,37.56409042,127.0133847,101
절도,2015-11-05 19:00,37.5562376,127.0135011,253
폭행,2015-06-05 23:00,37.55304482,127.0102615,206
절도,2015-07-21 14:00,37.55613134,127.0156763,259
절도,2015-07-29 11:00,37.56443751,127.0100597,140
절도,2015-01-22 5:00,37.54908717,127.0077409,200
절도,2015-02-09 17:00,37.56481398,127.0185872,40
절도,2015-01-14 4:00,37.56446654,127.0196596,30
절도,2015-06-19 7:00,37.56618303,127.0184574,47
절도,2015-07-14 21:00,37.56607319,127.0130407,138
절도,2015-01-12 6:00,37.56423821,127.0169666,39
폭행,2015-11-22 12:00,37.55013325,127.0068354,204
폭행,2015-08-05 21:00,37.55235945,127.0127685,217
폭행,2015-11-01 9:00,37.56798414,126.9996023,283
폭행,2015-03-14 23:00,37.56184255,127.0231179,9
절도,2015-11-30 19:00,37.557708,127.0170301,244
절도,2015-09-01 13:00,37.56740831,127.0046337,76
절도,2015-06-26 21:00,37.54810925,127.0071254,197
폭행,2015-03-25 21:00,37.56461802,126.9860901,311
폭행,2015-09-05 18:00,37.56488685,127.006507,147
절도,2015-03-17 14:00,37.55721849,127.0140483,247
절도,2015-04-09 15:00,37.55291037,127.011143,222
폭행,2015-02-10 22:00,37.56328916,127.0108779,153
절도,2015-02-12 21:00,37.56519698,127.014732,45
절도,2015-08-26 10:00,37.56393966,127.0127533,155
폭행,2015-12-20 14:00,37.56634709,127.0204651,53
폭행,2015-12-09 22:00,37.5680199,126.9960409,292
절도,2015-10-25 7:00,37.56262282,126.9907375,342
폭행,2015-02-03 20:00,37.54535661,127.007617,187
폭행,2015-07-25 17:00,37.56703039,127.0130816,106
폭행,2015-10-31 6:00,37.56668245,127.0078056,131
폭행,2015-06-05 13:00,37.56096903,127.0228852,32
폭행,2015-07-26 23:00,37.56498835,126.9893545,335
폭행,2015-04-20 19:00,37.56592015,127.0236935,60
폭행,2015-09-11 16:00,37.56881846,126.999512,283
폭행,2015-07-27 15:00,37.56603749,127.019303,52
폭행,2015-03-06 8:00,37.56454527,127.0222392,22
폭행,2015-02-12 0:00,37.5663145,127.0143041,107
절도,2015-09-01 18:00,37.55328445,127.015229,268
절도,2015-05-12 0:00,37.55848033,127.0138252,250
절도,2015-08-23 19:00,37.56179459,127.0063796,178
폭행,2015-11-09 22:00,37.56602297,127.0103096,136
절도,2015-12-15 16:00,37.56721849,126.9959828,290
절도,2015-06-13 8:00,37.56582698,126.9861211,308
폭행,2015-04-08 1:00,37.56748055,126.9871812,281
폭행,2015-09-04 10:00,37.56337285,127.0216035,20
폭행,2015-06-13 17:00,37.56157701,127.0139547,93
폭행,2015-07-23 1:00,37.56437128,127.0156023,43
폭행,2015-04-18 21:00,37.54703309,127.0088108,240
폭행,2015-02-26 21:00,37.56577114,127.0212983,56
폭행,2015-05-27 11:00,37.55454011,127.0153786,260
폭행,2015-10-26 1:00,37.56159464,127.0211,34
절도,2015-08-12 15:00,37.56621534,127.0091715,121
폭행,2015-05-05 1:00,37.54413557,127.0086372,181
폭행,2015-04-07 23:00,37.56363352,127.0246037,15
폭행,2015-06-15 1:00,37.55033471,127.0099443,232
절도,2015-05-09 8:00,37.55697422,127.0128093,211
폭행,2015-09-20 13:00,37.55555734,127.0124006,213
폭행,2015-06-24 0:00,37.56099321,127.004514,84
폭행,2015-11-21 3:00,37.54572993,127.0085912,191
절도,2015-07-06 3:00,37.56745144,126.9862988,305
절도,2015-10-03 11:00,37.54880018,127.00825,200
폭행,2015-12-22 5:00,37.56729627,126.9995528,284
절도,2015-11-29 6:00,37.54452773,127.0070712,183
강간,2015-12-26 11:00,37.5658619,127.008496,135
절도,2015-01-24 10:00,37.56392774,127.0064511,149
절도,2015-05-08 18:00,37.56394057,127.0278647,4
폭행,2015-06-04 7:00,37.56630265,126.9961537,321
절도,2015-06-01 8:00,37.56054109,127.0065766,85
절도,2015-03-31 18:00,37.55166302,127.0115076,224
절도,2015-03-24 18:00,37.56306307,127.0118778,157
절도,2015-11-25 16:00,37.56388895,127.0209506,24
폭행,2015-01-11 22:00,37.54815772,127.0089914,239
절도,2015-01-18 14:00,37.5640367,126.9860651,340
절도,2015-06-23 8:00,37.56401156,127.0255835,5
폭행,2015-10-16 15:00,37.56088449,127.0200709,37
폭행,2015-03-06 1:00,37.56837045,126.9959727,292
절도,2015-03-21 12:00,37.56315157,127.0154226,98
폭행,2015-06-26 22:00,37.56195648,127.0134449,99
절도,2015-10-28 16:00,37.5616844,127.014044,99
절도,2015-03-21 8:00,37.5471302,127.0055567,195
절도,2015-01-20 0:00,37.56747575,126.9933291,295
폭행,2015-04-01 21:00,37.56603091,127.0043384,79
폭행,2015-09-20 11:00,37.56400685,127.0109697,142
절도,2015-05-09 11:00,37.55445541,127.0170146,264
폭행,2015-12-29 3:00,37.55399767,127.0164507,263
폭행,2015-08-31 20:00,37.55646863,127.0123749,211
절도,2015-11-26 20:00,37.55765857,127.0128993,179
절도,2015-11-23 19:00,37.56110633,127.0234995,35
절도,2015-09-22 15:00,37.56076412,127.0104263,169
절도,2015-05-19 20:00,37.5561839,127.0179422,246
절도,2015-06-09 13:00,37.56124101,127.0124346,166
절도,2015-03-29 19:00,37.56094798,127.0143714,93
폭행,2015-06-04 1:00,37.55306453,127.0134243,261
폭행,2015-12-25 2:00,37.56460185,127.0266513,2
절도,2015-06-04 18:00,37.56336497,127.0087505,160
폭행,2015-02-09 21:00,37.55210371,127.0125553,217
절도,2015-12-12 13:00,37.55937641,127.0129444,172
폭행,2015-08-10 17:00,37.5631058,127.0221128,20
폭행,2015-03-25 18:00,37.5630035,127.0257071,7
절도,2015-03-01 1:00,37.54616351,127.0073152,188
폭행,2015-09-13 21:00,37.5637322,126.9920833,344
폭행,2015-04-28 22:00,37.56798383,126.9837842,278
폭행,2015-02-04 22:00,37.56844925,126.9995874,283
폭행,2015-02-13 10:00,37.5641398,127.0137962,101
폭행,2015-10-19 22:00,37.54910588,127.0105655,230
폭행,2015-12-18 23:00,37.5485684,127.0114687,227
폭행,2015-10-22 23:00,37.5628247,127.0074085,151
절도,2015-07-26 19:00,37.56564862,127.0205675,54
폭행,2015-04-19 17:00,37.56235384,127.0199791,28
절도,2015-03-13 5:00,37.56792948,126.9892778,282
폭행,2015-11-29 23:00,37.5560756,127.0147625,251
폭행,2015-06-18 2:00,37.56085944,127.0200966,37
폭행,2015-08-30 22:00,37.55805809,127.015776,243
절도,2015-10-03 9:00,37.56784807,127.0066858,127
폭행,2015-07-21 4:00,37.56571445,127.00738,133
절도,2015-06-21 13:00,37.5638491,127.025859,3
강간,2015-03-05 3:00,37.56464712,127.0164069,44
절도,2015-11-21 23:00,37.55740635,127.0175474,244
폭행,2015-02-09 6:00,37.56500334,127.0132609,139
절도,2015-07-10 13:00,37.56943018,127.0079962,70
폭행,2015-07-03 18:00,37.5659802,127.0138844,105
폭행,2015-05-25 7:00,37.56816361,127.0113712,114
절도,2015-01-09 6:00,37.56080549,127.007728,175
절도,2015-08-05 18:00,37.55096399,127.0115297,224
폭행,2015-01-12 15:00,37.55679946,127.0144561,180
폭행,2015-06-27 9:00,37.56135566,127.0069608,176
절도,2015-04-22 20:00,37.54856163,127.007897,200
폭행,2015-11-01 10:00,37.567084,126.9895705,298
절도,2015-06-22 20:00,37.5683569,126.9900614,301
폭행,2015-12-12 9:00,37.5567364,127.0177294,256
폭행,2015-02-26 2:00,37.56282113,127.0104836,153
폭행,2015-12-10 10:00,37.56308971,127.017589,42
절도,2015-02-16 4:00,37.56708268,126.9898789,298
절도,2015-06-01 19:00,37.56512195,127.0055273,148
절도,2015-11-30 23:00,37.56306677,126.9893707,337
절도,2015-11-19 21:00,37.56302245,127.0247329,7
절도,2015-03-15 15:00,37.56537212,127.0065305,133
폭행,2015-04-04 10:00,37.5618036,127.0195209,28
폭행,2015-11-30 0:00,37.56270714,126.9875465,339
폭행,2015-04-19 3:00,37.566231,127.0179195,47
폭행,2015-01-26 13:00,37.56857098,126.9889629,302
폭행,2015-10-29 23:00,37.56170294,127.0109788,164
절도,2015-11-28 20:00,37.56459892,127.0145273,45
폭행,2015-10-25 19:00,37.55427676,127.0161609,263
절도,2015-05-30 4:00,37.56185214,127.0244593,18
강간,2015-10-06 18:00,37.56236905,127.0107638,164
폭행,2015-05-09 2:00,37.55476275,127.0115685,212
절도,2015-05-13 17:00,37.56313313,126.9860322,336
강간,2015-02-03 22:00,37.56767139,127.008429,128
절도,2015-05-16 20:00,37.56620587,126.9938507,319
폭행,2015-05-08 16:00,37.55868828,127.0154945,242
절도,2015-04-07 6:00,37.56796357,126.9977369,286
폭행,2015-12-20 23:00,37.56908172,127.0076463,70
폭행,2015-10-18 9:00,37.54747465,127.0071639,197
절도,2015-10-10 3:00,37.56561577,126.9874887,331
폭행,2015-10-12 22:00,37.55595615,127.0143494,253
절도,2015-07-04 4:00,37.56542067,126.9937665,320
폭행,2015-04-28 5:00,37.55386133,127.0137592,262
절도,2015-02-21 9:00,37.56442354,127.0209684,23
절도,2015-03-06 14:00,37.56418623,126.9875401,309
폭행,2015-10-17 12:00,37.56730205,127.0122864,112
절도,2015-04-03 13:00,37.5661813,127.0059414,129
폭행,2015-08-15 23:00,37.56330489,126.9930662,343
절도,2015-12-12 13:00,37.5661066,127.0057034,132
폭행,2015-01-20 20:00,37.5642918,126.9879189,309
절도,2015-06-19 23:00,37.56881468,127.0137585,110
절도,2015-09-01 9:00,37.55677155,127.0169127,256
폭행,2015-02-14 4:00,37.54517289,127.0076659,186
폭행,2015-12-21 5:00,37.56477695,127.0166481,44
절도,2015-10-11 11:00,37.56040361,127.0122053,167
강간,2015-04-08 18:00,37.56657761,126.9947147,323
절도,2015-06-09 15:00,37.56349404,127.0162537,43
폭행,2015-10-25 15:00,37.56149252,127.0228776,32
살인,2015-06-13 2:00,37.55912503,127.0091019,88
폭행,2015-10-09 15:00,37.5665695,127.018092,47
절도,2015-08-10 17:00,37.5581529,127.0136604,250
절도,2015-11-13 17:00,37.56451035,127.0089792,143
절도,2015-10-05 4:00,37.56349617,127.0221783,21
절도,2015-07-30 14:00,37.54571329,127.0091625,190
폭행,2015-02-09 22:00,37.5656907,127.0130717,138
폭행,2015-05-06 23:00,37.56873229,126.9844003,278
폭행,2015-08-30 23:00,37.56440448,126.9905984,317
절도,2015-05-13 3:00,37.55409469,127.0125322,215
폭행,2015-05-06 3:00,37.565021,127.007551,147
절도,2015-09-03 18:00,37.56606794,127.0094099,134
절도,2015-01-15 7:00,37.56884782,127.0124084,113
절도,2015-08-15 8:00,37.56223959,127.0231524,9
폭행,2015-03-10 19:00,37.56595894,127.0199061,52
절도,2015-04-07 4:00,37.56624541,127.0083837,131
폭행,2015-01-11 19:00,37.56060715,127.0124906,167
절도,2015-02-23 4:00,37.56302733,127.0263532,8
폭행,2015-06-09 11:00,37.56588276,127.0130104,138
강간,2015-06-28 23:00,37.5633856,127.0094519,152
절도,2015-02-28 12:00,37.56534484,126.9929279,320
폭행,2015-06-03 23:00,37.56444952,126.992093,346
절도,2015-01-30 2:00,37.56181081,127.0115305,158
폭행,2015-03-18 9:00,37.55389037,127.0102398,209
폭행,2015-02-10 1:00,37.56913667,127.0102997,74
절도,2015-12-24 9:00,37.56156525,127.0137608,93
절도,2015-02-14 10:00,37.56651801,126.9884178,327
절도,2015-10-27 20:00,37.56630215,126.9851216,330
폭행,2015-08-18 23:00,37.56643787,127.0074433,130
절도,2015-07-22 14:00,37.56267722,127.0157948,96
폭행,2015-09-14 18:00,37.56961596,127.0135441,66
폭행,2015-07-24 20:00,37.56502774,127.0147109,45
절도,2015-04-30 13:00,37.56845733,126.9895525,301
절도,2015-02-12 16:00,37.55334024,127.0134361,261
절도,2015-04-10 2:00,37.54898092,127.0121327,227
절도,2015-07-30 18:00,37.56646536,126.9980248,287
폭행,2015-03-04 22:00,37.56488332,127.0068156,147
폭행,2015-01-20 11:00,37.55957118,127.0140932,92
절도,2015-04-22 22:00,37.56212111,127.0213439,19
폭행,2015-08-31 2:00,37.55134349,127.013847,273
절도,2015-08-13 8:00,37.54636319,127.0060538,192
폭행,2015-03-17 23:00,37.54870725,127.0091258,238
절도,2015-06-17 9:00,37.56869268,127.0163946,62
절도,2015-01-17 9:00,37.55834774,127.0148666,242
절도,2015-06-20 16:00,37.56507445,127.0160661,44
절도,2015-11-13 18:00,37.5678495,126.9891144,282
절도,2015-08-28 1:00,37.55751915,127.0172254,244
절도,2015-11-29 6:00,37.56852002,126.9913344,300
폭행,2015-10-06 19:00,37.56771556,126.9885549,282
폭행,2015-05-11 7:00,37.56456408,126.9880895,310
폭행,2015-03-01 19:00,37.56754433,126.9865779,305
폭행,2015-09-09 1:00,37.5509212,127.0069619,204
폭행,2015-03-24 21:00,37.56330078,127.0053495,150
강도,2015-06-29 18:00,37.56809431,127.007549,123
절도,2015-10-31 10:00,37.54856948,127.0086626,200
절도,2015-09-30 18:00,37.56486694,127.0246941,1
폭행,2015-12-29 21:00,37.56179716,127.0080293,161
폭행,2015-01-30 3:00,37.55438563,127.0153601,269
폭행,2015-05-03 10:00,37.55657373,127.014258,254
절도,2015-12-25 16:00,37.56245275,126.9882716,338
절도,2015-04-07 10:00,37.55514268,127.0171473,265
폭행,2015-12-31 11:00,37.56243843,127.0199379,28
폭행,2015-02-13 12:00,37.56606513,127.0086483,135
절도,2015-03-14 16:00,37.5654371,127.006785,133
폭행,2015-07-29 13:00,37.56531206,126.9921597,318
폭행,2015-04-30 14:00,37.56920996,127.0155784,65
절도,2015-05-23 13:00,37.56334501,127.0180043,38
절도,2015-03-17 19:00,37.563085,127.0231054,12
폭행,2015-05-10 10:00,37.55855952,127.0117749,90
폭행,2015-12-04 22:00,37.56189394,127.0239748,18
폭행,2015-04-19 6:00,37.5443673,127.0092719,182
절도,2015-05-12 17:00,37.56317524,127.0145976,98
절도,2015-03-28 16:00,37.56673419,127.0205301,53
절도,2015-06-14 12:00,37.56305853,126.9894891,341
절도,2015-06-12 10:00,37.56328315,127.0146118,98
강간,2015-08-27 23:00,37.55248146,127.0166998,271
폭행,2015-01-11 10:00,37.56795128,127.0156238,63
폭행,2015-02-27 3:00,37.56537435,126.9909426,334
절도,2015-06-04 23:00,37.56508484,127.0246604,16
절도,2015-10-12 0:00,37.56011482,127.0111421,168
절도,2015-06-29 0:00,37.56543242,127.0090822,134
폭행,2015-03-22 21:00,37.56284172,126.9907653,342
폭행,2015-09-05 20:00,37.56019452,127.0074249,85
폭행,2015-08-30 8:00,37.56237378,127.0126755,159
절도,2015-11-25 12:00,37.56860898,126.9912528,300
절도,2015-11-30 12:00,37.56756387,127.0132181,112
폭행,2015-10-06 9:00,37.56787525,126.9949234,289
절도,2015-10-07 3:00,37.56700523,126.9902159,326
절도,2015-10-08 23:00,37.56609399,126.9851238,312
절도,2015-09-04 13:00,37.569112,127.0146418,65
폭행,2015-12-05 18:00,37.55107685,127.0144009,273
폭행,2015-04-30 14:00,37.56496751,127.0194118,30
폭행,2015-02-23 23:00,37.56115793,127.0131752,166
폭행,2015-04-11 4:00,37.56825594,126.9853356,279
폭행,2015-02-09 4:00,37.56543338,126.989693,333
절도,2015-06-20 5:00,37.56510219,126.9874468,310
절도,2015-06-19 22:00,37.56272058,127.0084574,160
절도,2015-05-10 6:00,37.55160367,127.0125946,218
절도,2015-07-04 23:00,37.55375524,127.0163492,263
절도,2015-10-18 21:00,37.55522952,127.0170167,265
폭행,2015-01-12 13:00,37.54386172,127.0060581,184
절도,2015-10-29 2:00,37.56736026,127.0065656,127
폭행,2015-10-16 23:00,37.55021406,127.0141031,275
폭행,2015-07-03 20:00,37.55317472,127.0129243,216
절도,2015-09-05 12:00,37.54421735,127.0091536,182
폭행,2015-01-28 17:00,37.56259862,126.9871257,336
절도,2015-12-23 11:00,37.55100261,127.0126369,218
폭행,2015-01-14 21:00,37.56671853,126.985367,330
절도,2015-08-23 7:00,37.56407733,127.0050014,80
폭행,2015-03-18 12:00,37.55501755,127.0121169,212
절도,2015-12-16 15:00,37.5649197,127.0181083,40
절도,2015-05-22 12:00,37.55126346,127.0136,273
절도,2015-08-19 21:00,37.56759631,127.012433,112
폭행,2015-05-18 16:00,37.54811572,127.0104982,229
폭행,2015-08-13 19:00,37.56171198,126.9872641,338
절도,2015-07-16 10:00,37.56790307,126.991613,297
절도,2015-09-07 18:00,37.56296761,127.0244185,11
폭행,2015-04-14 6:00,37.56643027,127.019568,51
강간,2015-10-30 19:00,37.55429003,127.0171474,264
폭행,2015-07-05 12:00,37.56831101,127.0109565,119
폭행,2015-02-28 18:00,37.56501458,127.0159604,44
절도,2015-01-04 20:00,37.56334205,127.0051648,82
절도,2015-10-19 7:00,37.56863936,127.006775,123
절도,2015-12-16 8:00,37.56538285,127.0157517,46
절도,2015-12-16 20:00,37.56259637,127.0113739,157
절도,2015-06-20 11:00,37.56810808,127.0143202,110
절도,2015-09-10 20:00,37.56341331,126.9865556,336
절도,2015-12-08 20:00,37.56260596,127.0249413,7
폭행,2015-08-16 21:00,37.55819247,127.0111617,90
폭행,2015-01-24 5:00,37.5617887,127.0070406,177
폭행,2015-08-18 1:00,37.5696099,127.011719,68
폭행,2015-10-14 21:00,37.55832514,127.0126752,91
절도,2015-05-04 20:00,37.5633366,127.0207574,29
절도,2015-01-11 13:00,37.56462477,126.9906637,317
절도,2015-11-12 9:00,37.56007293,127.0068834,85
절도,2015-05-08 17:00,37.56877596,126.9867639,304
폭행,2015-09-10 22:00,37.5470478,127.0071164,196
절도,2015-01-24 1:00,37.56502302,126.991343,317
절도,2015-08-14 12:00,37.5686267,127.0075641,123
폭행,2015-05-10 18:00,37.56891237,127.0132795,67
강간,2015-09-05 13:00,37.55763241,127.0168919,244
살인,2015-04-15 6:00,37.56845493,127.0097817,122
절도,2015-05-06 19:00,37.56620327,127.0167989,49
절도,2015-04-21 13:00,37.56937294,127.0105837,74
절도,2015-02-23 4:00,37.56912079,127.0131031,67
절도,2015-11-08 18:00,37.56586233,126.9853376,312
폭행,2015-04-22 20:00,37.5461312,127.0056537,192
폭행,2015-05-29 14:00,37.56658889,127.0069076,130
절도,2015-01-19 21:00,37.55916862,127.0090161,88
절도,2015-05-11 7:00,37.56366894,127.0132298,155
절도,2015-02-20 12:00,37.54951217,127.0122657,219
폭행,2015-12-31 15:00,37.56681625,127.0121636,116
폭행,2015-03-14 22:00,37.54948275,127.0142928,276
폭행,2015-11-30 16:00,37.55707135,127.0148145,180
절도,2015-01-07 6:00,37.56565911,127.0129862,138
폭행,2015-06-23 12:00,37.56710639,126.9910733,297
폭행,2015-08-09 4:00,37.55053963,127.0104579,232
폭행,2015-11-28 19:00,37.5691078,127.0160754,61
절도,2015-09-24 19:00,37.55193375,127.0103901,234
폭행,2015-11-22 3:00,37.55001691,127.0079064,199
폭행,2015-07-03 19:00,37.5625217,127.0245608,18
절도,2015-06-12 2:00,37.55334888,127.0128491,216
폭행,2015-04-24 23:00,37.5680906,126.9900525,301
절도,2015-04-16 19:00,37.55504827,127.0111979,212
폭행,2015-06-28 2:00,37.56342042,126.9938992,343
절도,2015-09-11 22:00,37.56292949,126.9929092,343
절도,2015-11-15 10:00,37.55953073,127.0094849,88
폭행,2015-03-13 2:00,37.56711541,127.0104951,118
절도,2015-04-25 10:00,37.55483945,127.0140467,252
절도,2015-01-11 6:00,37.54575253,127.0072884,188
폭행,2015-09-12 2:00,37.55334916,127.0161688,267
절도,2015-10-08 18:00,37.56851666,127.0118515,114
폭행,2015-09-29 13:00,37.56161385,127.0127164,166
절도,2015-02-25 18:00,37.56262248,127.0190735,26
강간,2015-12-05 19:00,37.56637966,126.9841574,306
절도,2015-12-02 20:00,37.55653193,127.0146494,180
폭행,2015-03-09 9:00,37.56566001,127.0085256,135
절도,2015-01-01 15:00,37.54994311,127.0079962,199
절도,2015-12-28 12:00,37.55590977,127.0163907,259
폭행,2015-08-05 15:00,37.5687086,126.9930728,293
폭행,2015-02-03 11:00,37.5666691,127.0092259,121
폭행,2015-01-22 17:00,37.5604136,127.0097078,173
절도,2015-04-17 9:00,37.54610721,127.006414,192
절도,2015-05-15 1:00,37.55829336,127.0102664,89
절도,2015-04-20 20:00,37.5622661,127.0236562,18
폭행,2015-09-12 1:00,37.56738218,127.0066415,127
폭행,2015-01-18 8:00,37.56284885,126.9925161,345
절도,2015-03-26 12:00,37.56812885,126.9904074,301
절도,2015-06-30 13:00,37.56553431,126.9917704,318
절도,2015-03-24 20:00,37.56864493,127.0113424,114
폭행,2015-06-18 22:00,37.56459684,127.0176583,31
폭행,2015-03-21 22:00,37.56114702,127.0128893,166
절도,2015-06-15 12:00,37.56383554,127.0082225,145
강간,2015-04-03 4:00,37.56536503,127.0124092,138
폭행,2015-03-03 1:00,37.56897047,127.0145733,65
폭행,2015-11-18 10:00,37.55406799,127.0171076,264
절도,2015-07-29 22:00,37.56972624,127.0048635,72
절도,2015-07-06 19:00,37.56850859,127.0050097,75
절도,2015-12-08 19:00,37.56794526,126.9853776,280
절도,2015-12-02 23:00,37.56668882,127.0245803,59
절도,2015-05-26 6:00,37.56686865,127.0203514,53
절도,2015-09-08 9:00,37.56250085,127.0145267,95
폭행,2015-10-01 3:00,37.55792167,127.0165877,243
폭행,2015-11-16 20:00,37.55234758,127.0145803,270
절도,2015-11-09 21:00,37.56262088,126.9890781,337
폭행,2015-02-14 18:00,37.56538159,127.0219586,56
폭행,2015-08-09 13:00,37.55027273,127.0129919,220
절도,2015-11-30 6:00,37.5653954,127.0175865,50
폭행,2015-06-20 1:00,37.56022472,127.0069879,85
절도,2015-06-14 18:00,37.55287691,127.0118086,222
절도,2015-11-13 10:00,37.56346459,126.9875088,339
폭행,2015-10-28 1:00,37.55843124,127.0151186,249
폭행,2015-11-08 3:00,37.54763254,127.009239,239
강간,2015-08-08 9:00,37.56365525,127.0098811,144
절도,2015-06-25 10:00,37.5665946,127.0193412,51
절도,2015-12-20 16:00,37.56618044,126.9943306,323
폭행,2015-06-19 20:00,37.56784893,126.992052,296
폭행,2015-09-10 20:00,37.56848177,126.9862323,304
폭행,2015-09-18 20:00,37.55316346,127.0168467,266
폭행,2015-06-14 5:00,37.56951231,127.0133175,66
절도,2015-10-14 18:00,37.56437712,127.0245742,16
절도,2015-04-21 18:00,37.56722989,126.9986273,284
절도,2015-08-28 11:00,37.55005962,127.0132353,220
절도,2015-01-30 18:00,37.56428783,127.02602,3
절도,2015-08-03 23:00,37.56231648,127.0254965,6
절도,2015-08-20 4:00,37.55424685,127.0121753,215
폭행,2015-11-01 0:00,37.56795521,126.9868219,305
절도,2015-06-20 22:00,37.55429176,127.0155699,269
절도,2015-12-06 14:00,37.5631229,127.017475,42
절도,2015-09-18 4:00,37.55590831,127.0119885,210
절도,2015-06-27 10:00,37.56692865,127.0209729,53
절도,2015-09-20 18:00,37.54562716,127.0095587,190
폭행,2015-04-02 21:00,37.56281374,127.0165273,96
폭행,2015-08-18 22:00,37.56676144,126.9854947,330
절도,2015-07-14 10:00,37.54739155,127.0098268,239
절도,2015-01-05 14:00,37.55355041,127.015887,267
폭행,2015-04-01 22:00,37.56664263,126.9980217,287
폭행,2015-02-25 22:00,37.54458787,127.0058152,184
절도,2015-02-18 0:00,37.56120046,127.0079677,175
