Type,Date-Time,Latitude,Longitude,Grid
폭행,2019-4-9 21:25:13,37.54933571,127.0111854,61
폭행,2019-2-8 15:12:10,37.55214934,127.0118084,43
절도,2019-2-24 20:11:20,37.56214507,126.9862602,112
절도,2019-6-10 12:42:32,37.55011894,127.0101196,54
폭행,2019-2-28 24:35:38,37.54905522,127.0110314,71
폭행,2019-12-15 17:48:56,37.55596,127.0171372,18
폭행,2019-6-20 14:0:54,37.56513737,127.0103215,108
폭행,2019-12-15 21:15:39,37.5453911,127.0081627,82
절도,2019-7-18 14:53:10,37.5485074,127.0121088,65
폭행,2019-9-3 4:4:12,37.54438932,127.007512,85
절도,2019-7-2 17:44:25,37.55115295,127.0117589,42
폭행,2019-5-3 15:58:12,37.55614808,127.0137101,21
폭행,2019-6-7 1:15:4,37.55427569,127.0149922,31
폭행,2019-7-6 15:51:43,37.55028712,127.0117519,53
절도,2019-10-21 4:21:27,37.5442259,127.0082538,83
폭행,2019-3-31 15:22:59,37.56323587,126.9866497,109
폭행,2019-11-25 5:5:52,37.54390391,127.0058286,88
폭행,2019-11-1 8:44:53,37.5565748,127.0149383,11
절도,2019-5-6 11:17:21,37.55408316,127.0167503,36
절도,2019-1-28 11:47:5,37.54766388,127.0077993,93
절도,2019-12-11 9:52:25,37.54935077,127.0107484,60
폭행,2019-11-7 9:20:32,37.56133027,127.0101295,4
절도,2019-7-17 9:7:9,37.54946979,127.0138569,63
절도,2019-2-9 13:33:36,37.55448541,127.0118426,27
강간,2019-10-22 23:7:20,37.56374703,127.0069653,104
절도,2019-2-15 12:23:44,37.55697937,127.0165007,13
절도,2019-1-1 5:55:13,37.55691235,127.0162196,13
폭행,2019-1-29 6:55:33,37.55544205,127.0118375,23
폭행,2019-9-2 24:2:36,37.55603186,127.012481,22
강간,2019-12-12 21:39:58,37.55196591,127.0149184,48
폭행,2019-1-22 21:23:46,37.55463335,127.0150953,30
절도,2019-2-19 22:44:23,37.54862814,127.0108656,71
폭행,2019-12-5 21:35:59,37.54574233,127.0077131,80
절도,2019-11-22 11:27:4,37.54802418,127.0054922,89
절도,2019-5-17 20:42:52,37.55062923,127.0120372,53
폭행,2019-1-15 12:22:11,37.55800058,127.0158149,97
절도,2019-9-23 23:5:43,37.5629646,127.0086193,8
폭행,2019-12-28 20:19:34,37.5567336,127.0164464,13
절도,2019-3-1 13:56:3,37.55510385,127.0151815,30
절도,2019-12-16 17:31:44,37.55689434,127.0119023,9
절도,2019-6-14 3:46:52,37.54860396,127.0132162,64
폭행,2019-3-24 20:32:29,37.54897792,127.012313,64
절도,2019-1-10 12:44:18,37.5514211,127.0153948,49
절도,2019-12-19 20:3:8,37.55372586,127.0166781,32
절도,2019-7-18 12:14:52,37.54464838,127.0071466,86
절도,2019-1-11 24:16:15,37.55797898,127.0170309,96
절도,2019-5-11 3:52:44,37.56554726,126.9955958,113
폭행,2019-9-2 2:28:53,37.56320391,127.0100952,6
폭행,2019-7-16 19:25:45,37.54619203,127.0073016,79
폭행,2019-9-13 15:39:6,37.55309184,127.01442,39
절도,2019-4-22 21:40:55,37.55653369,127.0126839,10
절도,2019-7-14 20:24:48,37.54457133,127.0076211,85
절도,2019-9-28 2:11:36,37.56472471,127.0079041,107
절도,2019-6-30 15:6:21,37.54807059,127.0084025,93
절도,2019-8-23 14:44:45,37.55743125,126.979448,118
절도,2019-5-21 10:12:12,37.56613001,126.9965553,116
절도,2019-1-11 16:8:0,37.5528218,127.0098998,57
폭행,2019-6-24 17:41:23,37.54776216,127.0062351,89
폭행,2019-1-13 24:20:13,37.55786918,126.9795853,118
폭행,2019-4-20 24:25:48,37.55598371,127.0168345,18
절도,2019-7-24 15:2:43,37.55089549,127.0108742,54
폭행,2019-4-21 10:25:21,37.54704042,127.0071984,77
절도,2019-5-11 21:16:12,37.56413363,127.0101957,101
절도,2019-1-20 14:41:19,37.55325373,127.015297,38
절도,2019-11-22 15:28:54,37.55542773,127.0180657,17
절도,2019-1-23 23:54:51,37.55386246,127.0168021,36
강간,2019-12-5 5:9:39,37.55005503,127.0144326,51
폭행,2019-11-20 21:32:11,37.55660438,127.0152945,11
절도,2019-6-13 14:36:54,37.55022278,127.0124563,52
절도,2019-10-24 13:7:45,37.5488667,127.0130236,64
절도,2019-2-19 21:10:53,37.55686445,127.0120469,9
폭행,2019-6-8 21:18:40,37.56116374,127.008116,0
폭행,2019-9-5 18:11:34,37.5586192,126.9794683,119
강간,2019-12-3 20:27:47,37.56489291,126.9969061,115
절도,2019-1-23 18:30:11,37.55982577,126.9784125,117
절도,2019-4-3 11:19:0,37.54622914,127.0055605,74
절도,2019-6-12 14:52:36,37.54769275,127.0076338,93
절도,2019-8-5 18:14:51,37.55249899,127.0140186,44
폭행,2019-3-16 1:5:55,37.55611583,127.011351,23
폭행,2019-4-7 13:6:29,37.55506414,127.0148115,30
폭행,2019-6-24 13:22:47,37.55173176,127.0132075,46
폭행,2019-2-5 15:16:37,37.54483609,127.0057548,87
폭행,2019-12-18 6:11:50,37.561344,127.0081663,0
폭행,2019-6-16 24:35:7,37.55948693,126.9801826,121
절도,2019-2-6 6:50:36,37.55703971,127.0152414,11
폭행,2019-5-12 12:36:42,37.55490372,127.0131959,28
폭행,2019-7-26 14:52:29,37.54657625,127.0069412,77
폭행,2019-4-23 8:4:17,37.56354558,127.0065742,104
폭행,2019-4-18 21:25:20,37.55405716,127.0146639,31
폭행,2019-7-24 7:34:51,37.54945306,127.0080058,94
폭행,2019-6-9 5:32:3,37.54695837,127.0083186,81
폭행,2019-11-24 0:39:46,37.55674352,127.0172563,14
폭행,2019-10-5 0:8:37,37.55800941,127.0200414,98
폭행,2019-1-13 5:1:55,37.54784893,127.0053633,89
폭행,2019-4-5 24:53:9,37.54547455,127.007815,82
절도,2019-10-7 18:3:32,37.56272977,127.0071159,105
폭행,2019-7-19 4:32:3,37.55440458,127.0147574,31
폭행,2019-3-3 3:8:46,37.5647985,126.9958613,114
강간,2019-8-18 10:26:2,37.55113565,127.0119305,42
폭행,2019-9-16 15:14:11,37.55852178,126.9783531,120
폭행,2019-11-15 24:53:4,37.56323284,127.0109588,6
절도,2019-6-12 20:9:4,37.54531756,127.0072267,86
폭행,2019-10-12 23:35:17,37.54604558,127.0091044,73
절도,2019-5-15 3:51:45,37.55654513,127.0120431,9
폭행,2019-4-11 21:20:53,37.56550752,126.9961098,113
절도,2019-1-25 18:13:14,37.55079517,127.0093362,58
폭행,2019-12-13 2:2:48,37.55266592,127.0104667,56
폭행,2019-6-1 15:1:46,37.5482783,127.0087027,92
폭행,2019-5-22 6:31:21,37.56090036,127.009463,3
절도,2019-10-21 10:31:54,37.56227635,127.0109745,5
절도,2019-6-24 12:55:28,37.55280804,127.0140948,39
절도,2019-6-12 13:6:24,37.54799313,127.0089956,68
절도,2019-10-2 22:9:41,37.54804219,127.0068369,90
절도,2019-11-12 18:7:57,37.5502519,127.012673,52
절도,2019-6-22 19:8:48,37.54865603,127.0086689,92
절도,2019-5-21 21:8:43,37.55289883,127.0107246,57
폭행,2019-11-18 17:21:41,37.5562058,127.0163117,19
강간,2019-12-9 1:14:37,37.5560521,127.0135875,21
폭행,2019-9-3 19:18:7,37.55110908,127.0148851,49
절도,2019-10-18 18:42:58,37.55627223,127.0174273,18
절도,2019-2-28 23:14:9,37.55740117,127.0153499,95
강간,2019-1-27 1:41:47,37.55718274,127.0199906,16
절도,2019-2-6 9:30:15,37.56306962,127.0107117,6
절도,2019-7-25 20:50:46,37.56098293,127.0089935,3
절도,2019-3-4 3:27:20,37.54948103,127.0142365,63
절도,2019-7-30 12:24:29,37.56281559,127.0084666,8
폭행,2019-3-11 21:50:12,37.54447836,127.0071592,85
절도,2019-6-23 0:2:2,37.54377107,127.0063885,88
폭행,2019-11-29 6:46:32,37.5636503,127.0101466,101
절도,2019-7-3 21:17:3,37.55128939,127.0138184,47
폭행,2019-1-19 4:11:17,37.56187087,127.0109818,5
절도,2019-4-3 7:19:38,37.54926147,127.0078896,94
폭행,2019-3-30 21:13:59,37.54408752,127.0068497,85
강간,2019-4-27 3:46:2,37.54881231,127.0118502,70
폭행,2019-11-11 9:27:34,37.56464763,127.0107385,108
절도,2019-4-11 13:4:25,37.55481555,127.0120249,24
폭행,2019-2-23 21:59:5,37.55198888,127.010897,56
절도,2019-6-12 22:15:23,37.55389354,127.0169959,36
절도,2019-11-19 18:3:42,37.56486029,126.9955919,114
폭행,2019-7-12 12:42:38,37.54936897,127.0077472,94
폭행,2019-7-16 4:25:54,37.548907,127.0090899,69
폭행,2019-7-6 7:18:51,37.54969248,127.0136664,63
절도,2019-9-18 9:46:33,37.54769557,127.0076634,93
폭행,2019-3-5 0:26:14,37.54528663,127.0085851,82
폭행,2019-4-20 10:25:0,37.54865794,127.0117687,70
절도,2019-2-3 20:2:0,37.55265037,127.0111555,43
절도,2019-9-12 18:10:28,37.56178886,127.007882,1
절도,2019-11-27 9:53:6,37.54778152,127.0121433,66
폭행,2019-3-26 21:27:57,37.54670311,127.008098,81
절도,2019-9-4 21:52:29,37.54671939,127.0068559,77
폭행,2019-12-13 13:32:33,37.54859367,127.0095442,69
폭행,2019-11-20 6:17:10,37.56500536,126.9952424,114
절도,2019-9-1 22:43:10,37.56496501,126.9968366,115
절도,2019-3-25 18:58:2,37.55712473,127.0142085,12
폭행,2019-6-16 23:42:19,37.55297225,127.0132217,40
절도,2019-2-26 15:23:5,37.55510979,127.0151895,30
폭행,2019-4-21 23:10:21,37.55376017,127.0127897,26
절도,2019-12-24 0:15:18,37.56516744,127.0088964,106
절도,2019-9-23 22:56:9,37.56091487,127.0106606,4
폭행,2019-12-1 18:25:35,37.55410092,127.0164783,32
절도,2019-11-12 18:48:52,37.54832492,127.0100995,71
폭행,2019-4-30 17:55:47,37.56543567,126.9962712,116
절도,2019-10-22 9:54:58,37.5626589,126.9873678,110
폭행,2019-6-4 23:0:59,37.54676382,127.0043095,75
절도,2019-7-21 21:4:35,37.56521156,126.9963675,115
절도,2019-10-10 6:49:34,37.56276963,127.0082548,8
폭행,2019-8-16 4:2:7,37.56373916,127.0065293,104
절도,2019-10-22 10:49:44,37.56333247,127.0082963,8
절도,2019-3-14 15:46:27,37.55730259,127.0145179,95
절도,2019-2-16 11:51:11,37.55459699,127.0162404,33
절도,2019-3-25 15:10:13,37.54982287,127.0139742,63
절도,2019-7-14 16:1:15,37.55637741,127.0150859,11
폭행,2019-3-16 24:27:57,37.54986743,127.0091673,59
폭행,2019-10-11 9:34:56,37.54801659,127.0077162,93
폭행,2019-7-30 12:17:3,37.54590232,127.0090268,73
절도,2019-8-7 17:16:15,37.56184886,127.0107572,5
강간,2019-4-29 5:31:38,37.55395571,127.0168136,36
절도,2019-4-14 14:32:36,37.56194503,127.0102621,5
절도,2019-2-4 11:50:35,37.55597133,127.0186544,17
절도,2019-4-1 15:16:28,37.56127817,127.0103154,4
폭행,2019-12-18 24:7:28,37.56216167,126.9864682,112
강간,2019-2-11 5:50:45,37.54664311,127.0071799,77
폭행,2019-1-6 17:47:11,37.55179496,127.0116931,42
절도,2019-3-24 4:53:29,37.55459144,127.0125175,28
절도,2019-7-12 5:53:41,37.55605504,127.0148925,20
폭행,2019-8-21 1:5:40,37.5576106,127.016511,97
폭행,2019-7-11 24:50:39,37.56097006,127.0078188,0
절도,2019-10-4 18:47:12,37.54777936,127.0095546,68
절도,2019-5-14 16:22:35,37.55620585,127.018868,17
절도,2019-5-19 23:42:48,37.54937132,127.010798,60
폭행,2019-7-19 17:35:38,37.5626901,127.0066563,105
절도,2019-2-13 14:7:23,37.54829234,127.0100031,71
절도,2019-8-23 12:12:57,37.56316071,126.9861328,109
폭행,2019-7-18 10:42:15,37.54439991,127.0069998,85
절도,2019-1-23 7:28:57,37.55250367,127.0162276,50
폭행,2019-10-27 20:45:2,37.55635517,127.019666,16
절도,2019-6-19 12:0:52,37.55647565,127.0160271,13
절도,2019-10-3 6:15:38,37.55987509,126.9792283,121
폭행,2019-2-17 2:3:50,37.56261586,127.0080666,8
폭행,2019-8-26 24:33:11,37.5624522,127.0080714,1
절도,2019-2-3 12:34:34,37.55444076,127.0138097,29
강도,2019-10-10 7:40:54,37.55749342,127.0168776,96
폭행,2019-3-24 3:8:50,37.54833392,127.011932,70
폭행,2019-7-6 6:34:41,37.54851072,127.010346,71
절도,2019-10-19 15:39:54,37.55015374,127.0139277,51
절도,2019-5-4 16:28:52,37.54830135,127.008847,69
폭행,2019-2-8 9:18:6,37.55093439,127.0104199,55
폭행,2019-12-26 13:17:58,37.56313934,127.0079387,8
절도,2019-9-16 15:42:44,37.55879424,126.9783602,120
절도,2019-2-27 15:16:43,37.54638908,127.0054404,74
절도,2019-10-12 8:14:55,37.55209186,127.0116659,43
절도,2019-4-11 16:53:53,37.55611286,127.0151852,20
절도,2019-11-10 12:45:9,37.56294097,127.0071889,105
절도,2019-5-10 12:38:59,37.55750338,127.0151729,95
절도,2019-6-12 24:59:19,37.55214941,127.0152543,48
폭행,2019-7-16 6:27:52,37.56458783,127.0095062,106
절도,2019-9-28 15:13:21,37.54779983,127.0054136,89
절도,2019-4-18 0:43:34,37.55332573,127.0129954,40
폭행,2019-11-14 15:47:33,37.55618592,127.0128213,22
폭행,2019-5-16 3:38:25,37.5645518,127.0082329,107
절도,2019-11-23 23:21:53,37.55785314,127.0159658,97
절도,2019-9-20 23:46:8,37.55498859,127.0118877,24
절도,2019-9-21 24:8:10,37.54616839,127.009736,73
절도,2019-8-20 9:9:3,37.55113145,127.0139223,47
절도,2019-11-24 18:39:11,37.54973532,127.0107388,60
절도,2019-5-29 14:50:9,37.5535885,127.0166975,37
절도,2019-12-19 23:20:48,37.54911854,127.0121748,64
절도,2019-12-23 13:37:10,37.54834318,127.0081653,92
폭행,2019-11-18 21:3:53,37.55424525,127.0119484,27
폭행,2019-6-28 12:37:3,37.54664704,127.008596,81
폭행,2019-8-26 21:44:0,37.5632999,126.9874821,110
절도,2019-7-25 15:18:6,37.55480724,127.0161021,33
절도,2019-7-24 11:18:16,37.55514153,127.0170655,34
절도,2019-10-29 16:42:16,37.56121537,127.0108169,4
절도,2019-1-18 17:1:25,37.54662612,127.0057556,78
절도,2019-4-8 17:27:47,37.5558513,127.0153638,20
절도,2019-6-26 20:42:48,37.55775366,127.0157349,97
폭행,2019-12-4 19:49:19,37.5659695,126.9964012,116
절도,2019-6-21 6:28:3,37.54596103,127.0089079,73
절도,2019-11-19 13:22:58,37.55427096,127.0132556,26
절도,2019-1-17 19:9:15,37.55626605,127.0146345,20
폭행,2019-5-11 14:38:28,37.5442825,127.0091467,84
절도,2019-1-15 10:0:47,37.55196732,127.0153646,48
폭행,2019-1-3 12:10:32,37.54984433,127.0091097,59
폭행,2019-6-30 15:3:16,37.54901931,127.0099817,71
절도,2019-9-10 0:22:39,37.54582635,127.0045923,76
절도,2019-8-9 21:11:44,37.54398775,127.0063943,88
절도,2019-5-22 6:10:35,37.56247556,127.0091794,2
강간,2019-6-26 18:34:11,37.55136709,127.0108323,55
절도,2019-10-3 19:34:45,37.55532911,127.012467,28
절도,2019-3-19 22:48:6,37.54719804,127.0058077,78
폭행,2019-4-8 6:58:12,37.5500122,127.013287,62
절도,2019-10-19 9:14:6,37.55124862,127.0150982,49
절도,2019-8-15 17:26:1,37.54711642,127.0092715,72
절도,2019-9-20 21:52:34,37.55386408,127.0170386,36
절도,2019-11-18 21:13:18,37.55031172,127.0105901,54
절도,2019-4-14 23:17:20,37.55789719,127.0165944,97
폭행,2019-5-23 11:28:37,37.54841416,127.00894,69
절도,2019-5-25 20:54:50,37.54415552,127.0071618,85
폭행,2019-7-12 6:28:31,37.54968026,127.0104377,60
폭행,2019-9-10 20:49:21,37.55299082,127.0100374,57
폭행,2019-10-25 13:29:26,37.55057476,127.0127218,52
강간,2019-3-21 0:56:20,37.54825215,127.0127812,64
폭행,2019-4-16 19:30:39,37.5595076,126.9787175,117
폭행,2019-10-20 0:2:50,37.55932171,126.9785192,117
절도,2019-2-2 20:55:49,37.56358525,127.0072618,104
폭행,2019-12-9 2:33:1,37.54377166,127.0069924,85
폭행,2019-1-16 21:14:57,37.55805567,127.0173703,96
폭행,2019-9-25 10:27:34,37.55087297,127.0121327,53
절도,2019-10-23 8:37:51,37.5502405,127.0113466,53
폭행,2019-9-22 17:0:9,37.56445593,127.0102884,108
폭행,2019-3-10 1:29:8,37.56515418,127.0096679,106
절도,2019-5-17 3:31:33,37.56097707,127.0083447,0
절도,2019-9-23 10:27:34,37.55538229,127.0175686,34
절도,2019-5-26 14:2:12,37.55009861,127.0136149,51
폭행,2019-10-24 15:13:50,37.54814263,127.0103953,67
강간,2019-3-31 0:21:47,37.54778337,127.0084938,93
절도,2019-12-13 13:24:36,37.55044845,127.0103878,54
절도,2019-10-1 13:17:7,37.55640026,127.0161607,13
폭행,2019-5-12 0:2:5,37.55597501,127.0149779,20
절도,2019-10-26 9:4:20,37.55702726,127.0155216,11
폭행,2019-2-10 3:31:38,37.54560682,127.0085424,80
폭행,2019-11-13 3:50:38,37.55398141,127.0162319,32
절도,2019-11-12 9:56:53,37.554268,127.0125278,26
폭행,2019-4-17 3:40:2,37.56158972,127.010822,4
폭행,2019-2-17 12:36:36,37.55320319,127.0152835,38
폭행,2019-3-25 1:28:26,37.55321373,127.0100778,57
절도,2019-2-28 22:27:36,37.55605044,127.0139624,21
절도,2019-12-26 7:51:52,37.56439529,126.9962963,115
폭행,2019-12-2 21:18:0,37.56148358,127.0083324,0
강간,2019-1-21 12:39:35,37.54380067,127.0087171,83
절도,2019-1-8 11:54:44,37.54907602,127.0128415,64
절도,2019-2-21 15:24:25,37.55587499,127.0160651,19
폭행,2019-8-17 21:45:25,37.56166828,127.0088948,3
폭행,2019-4-7 3:42:10,37.54687105,127.0052154,75
폭행,2019-7-4 20:59:16,37.55680076,127.0149464,11
절도,2019-5-9 19:22:27,37.54719738,127.0092709,72
절도,2019-7-19 5:24:35,37.55613408,127.0123181,22
절도,2019-4-30 17:35:35,37.56312842,127.0080221,8
절도,2019-12-29 12:56:51,37.55424905,127.0116798,27
강간,2019-1-7 21:46:0,37.55380698,127.0167946,36
절도,2019-3-6 14:51:57,37.55550317,127.0132192,22
폭행,2019-7-29 21:30:57,37.56405738,127.0080051,103
절도,2019-2-20 13:35:10,37.55056699,127.0109103,54
폭행,2019-3-12 18:49:36,37.54600458,127.0085425,80
절도,2019-5-20 13:41:39,37.54712626,127.005442,78
절도,2019-1-7 23:34:37,37.54877041,127.0101417,71
폭행,2019-8-21 4:45:0,37.55659225,127.0194556,16
폭행,2019-7-11 20:31:59,37.5445168,127.0059091,88
절도,2019-5-16 21:10:36,37.55117641,127.014962,49
폭행,2019-12-1 24:26:49,37.5459725,127.0055417,74
절도,2019-3-13 12:38:13,37.54793645,127.009945,67
폭행,2019-11-28 7:38:8,37.54862655,127.0115313,65
폭행,2019-4-21 14:50:20,37.55713534,127.0128869,10
절도,2019-6-21 15:57:46,37.54792923,127.0095038,68
절도,2019-5-21 21:25:18,37.55053294,127.0134276,51
폭행,2019-7-21 17:59:59,37.55061691,127.0130089,52
강간,2019-2-26 6:46:23,37.55635324,127.0114021,9
폭행,2019-12-6 21:48:31,37.56518233,127.0102505,108
절도,2019-11-4 14:44:26,37.55159133,127.010753,55
폭행,2019-4-20 23:53:5,37.55302475,127.0166378,37
절도,2019-11-28 16:0:56,37.55432127,127.0134401,29
절도,2019-8-10 3:0:22,37.54706341,127.0096415,72
절도,2019-5-23 24:16:33,37.55447732,127.013675,29
강간,2019-9-30 21:55:23,37.55717131,127.0182851,15
절도,2019-2-9 18:56:26,37.55745847,127.0179128,99
폭행,2019-2-23 14:38:39,37.55308302,127.01263,40
절도,2019-1-9 15:53:47,37.54662934,127.0050991,75
폭행,2019-2-18 2:30:8,37.54519984,127.0071347,86
폭행,2019-11-19 1:33:44,37.54615629,127.0087626,73
폭행,2019-9-26 24:42:58,37.55598849,127.0170421,18
절도,2019-7-31 20:43:43,37.56103368,127.0091734,3
폭행,2019-1-2 5:15:3,37.5573792,127.0207966,100
폭행,2019-7-2 4:11:24,37.55285001,127.0148701,38
폭행,2019-10-28 4:30:9,37.55280535,127.0156216,37
폭행,2019-1-30 13:34:6,37.55329136,127.0153377,38
절도,2019-3-15 11:49:51,37.55602251,127.0188157,17
절도,2019-12-11 14:31:19,37.55569439,127.0144731,20
절도,2019-8-25 10:2:58,37.54407623,127.0068887,85
폭행,2019-8-12 4:11:25,37.55961146,126.9798824,121
폭행,2019-6-23 1:24:8,37.55534405,127.0132085,28
폭행,2019-3-7 14:51:12,37.55565475,127.0120394,23
절도,2019-5-10 19:53:36,37.55687273,127.0144137,12
강간,2019-2-26 23:7:51,37.54927025,127.0140451,63
폭행,2019-4-14 12:55:10,37.55432242,127.0166555,32
절도,2019-10-9 14:33:7,37.55654452,127.0140394,12
절도,2019-11-16 16:39:35,37.55388813,127.0152539,31
폭행,2019-11-6 10:46:0,37.55416741,127.0114595,27
절도,2019-1-7 18:59:5,37.54755508,127.0113758,66
폭행,2019-6-12 18:44:5,37.55527468,127.017238,34
절도,2019-3-1 22:44:6,37.54558943,127.0073639,79
폭행,2019-10-6 8:9:45,37.55444793,127.0143348,29
절도,2019-11-18 4:38:12,37.55679326,127.0166895,13
절도,2019-10-20 6:11:5,37.54928507,127.0095724,59
절도,2019-9-5 14:16:2,37.55049558,127.0137303,51
절도,2019-4-15 20:43:43,37.54769305,127.0092653,68
폭행,2019-9-11 17:10:59,37.55188401,127.0155756,48
절도,2019-9-23 15:50:46,37.56212548,127.0109225,5
폭행,2019-3-19 1:47:24,37.5484849,127.0082857,92
폭행,2019-12-1 2:35:11,37.54567854,127.0046946,76
폭행,2019-9-4 24:40:31,37.55400635,127.0142158,29
폭행,2019-1-19 8:0:23,37.56288624,126.9870548,109
강간,2019-12-24 4:35:47,37.55300461,127.0173024,35
폭행,2019-5-7 6:16:48,37.55563276,127.0143154,21
절도,2019-3-23 17:15:35,37.54854124,127.0075955,91
강간,2019-5-31 16:10:23,37.55575396,127.0169226,18
폭행,2019-2-12 21:30:45,37.54723023,127.0063742,78
폭행,2019-11-27 9:33:11,37.54544059,127.0074419,86
폭행,2019-5-31 18:27:32,37.54886143,127.0113924,70
절도,2019-1-28 24:4:31,37.54567799,127.0060759,74
절도,2019-8-17 18:27:12,37.55754744,127.0192949,98
폭행,2019-10-20 6:58:50,37.55364659,127.0126843,26
절도,2019-5-31 19:3:45,37.5506806,127.0140842,51
강간,2019-12-29 6:16:42,37.55452082,127.0115815,24
폭행,2019-11-19 4:36:20,37.55801635,127.0200023,98
폭행,2019-12-31 13:15:43,37.54741322,127.0067886,90
절도,2019-4-30 3:56:5,37.55265201,127.0117454,43
절도,2019-4-4 15:23:58,37.54662064,127.0083066,81
폭행,2019-4-9 0:5:48,37.55536914,127.0157173,33
절도,2019-10-10 9:9:8,37.55855436,126.9794691,119
폭행,2019-10-4 21:56:4,37.55703669,127.0137947,12
폭행,2019-11-22 1:11:57,37.55794347,127.0148994,95
절도,2019-11-18 19:30:4,37.56094878,127.0096256,3
폭행,2019-4-12 10:8:24,37.5539939,127.0124821,26
절도,2019-11-8 15:23:57,37.55231251,127.0127213,45
절도,2019-11-4 13:23:38,37.5461426,127.0098959,73
절도,2019-4-6 19:37:41,37.56509469,126.9955922,114
폭행,2019-5-1 23:57:45,37.54622211,127.0091571,73
폭행,2019-1-24 24:20:21,37.56377877,127.0095717,102
폭행,2019-7-21 23:43:32,37.56422929,127.0087513,103
폭행,2019-10-13 11:22:11,37.56275696,126.9868703,109
절도,2019-1-7 18:32:46,37.55062919,127.0124009,52
강간,2019-5-6 21:10:50,37.55769628,127.0187777,99
절도,2019-9-8 15:1:15,37.5555047,127.0155669,20
폭행,2019-8-23 6:53:21,37.54459314,127.0068203,85
절도,2019-3-24 19:9:13,37.56169229,127.0086284,1
절도,2019-12-25 1:24:32,37.56339468,127.0081655,8
폭행,2019-9-27 3:10:10,37.54516625,127.0062578,87
폭행,2019-8-18 4:28:14,37.55826632,126.9791072,120
절도,2019-4-25 14:14:56,37.56227856,127.0082532,1
강간,2019-11-25 4:38:33,37.55054045,127.0090052,58
절도,2019-5-4 20:36:2,37.55172596,127.0122935,46
폭행,2019-11-14 15:1:49,37.56359587,127.008858,102
폭행,2019-12-3 0:20:2,37.56420153,127.0079587,103
절도,2019-5-19 17:34:42,37.56290122,127.0084355,8
폭행,2019-5-3 16:54:46,37.54984366,127.0101177,60
폭행,2019-8-29 0:55:8,37.5439064,127.0081481,83
절도,2019-6-28 3:51:22,37.56306548,126.9865908,109
절도,2019-12-1 9:1:29,37.55635214,127.0146484,11
폭행,2019-2-19 15:9:9,37.5480851,127.0083184,93
강간,2019-6-17 7:0:14,37.55194343,127.0150944,48
절도,2019-11-13 6:30:47,37.55880909,126.9789926,120
절도,2019-9-4 23:25:34,37.54383627,127.005408,88
절도,2019-10-31 21:41:32,37.54376855,127.0076233,83
폭행,2019-8-6 17:24:18,37.55065937,127.0105437,54
절도,2019-5-9 15:28:35,37.55671159,127.0163195,13
절도,2019-11-1 3:12:15,37.55046444,127.0101595,54
절도,2019-1-13 2:44:1,37.5548684,127.0141251,25
절도,2019-6-18 22:40:6,37.55152914,127.0130424,46
절도,2019-7-23 9:46:36,37.55013144,127.0138458,51
절도,2019-10-11 6:6:52,37.54675026,127.0095661,72
절도,2019-6-18 23:57:3,37.54933141,127.0076928,94
강간,2019-4-21 18:12:42,37.544298,127.0060025,88
폭행,2019-3-1 19:16:39,37.5491089,127.007918,92
절도,2019-12-31 21:6:14,37.54642903,127.0091178,73
절도,2019-3-28 24:4:35,37.54690174,127.0066028,77
폭행,2019-3-25 16:51:25,37.55642619,127.01621,13
절도,2019-4-2 4:36:18,37.54645464,127.0070964,77
절도,2019-2-15 16:52:36,37.54860469,127.0112412,65
폭행,2019-4-23 7:1:37,37.56237972,126.9876352,111
절도,2019-7-22 12:56:3,37.55065239,127.0121706,53
강간,2019-2-8 5:46:37,37.54723321,127.0070462,77
절도,2019-11-6 17:3:27,37.5634722,126.9862571,109
폭행,2019-5-13 4:14:53,37.54511948,127.0071375,86
절도,2019-6-4 15:54:34,37.56588429,126.9965134,116
절도,2019-2-21 16:45:39,37.55762942,127.0179383,99
폭행,2019-6-18 2:22:45,37.55747212,127.016732,96
폭행,2019-7-20 11:24:44,37.5545169,127.0144606,30
절도,2019-1-16 9:6:43,37.55643605,127.0112475,9
절도,2019-10-1 15:31:15,37.55786601,127.0181279,99
절도,2019-11-28 19:15:44,37.56314255,127.0075209,105
폭행,2019-7-2 21:49:23,37.56291963,127.0071794,105
폭행,2019-6-2 18:13:10,37.54882327,127.0123087,64
절도,2019-5-20 6:2:7,37.55601055,127.0127635,22
절도,2019-7-16 12:4:50,37.5567732,127.0190163,16
폭행,2019-5-2 1:4:36,37.55196935,127.0165124,50
절도,2019-11-1 7:19:51,37.56330899,127.0064884,105
절도,2019-9-25 17:16:25,37.55682097,127.0173488,14
폭행,2019-5-24 22:15:52,37.56230247,127.0103084,5
절도,2019-1-16 3:40:8,37.5649034,127.0105754,108
폭행,2019-2-12 12:23:16,37.56308066,127.0108608,6
절도,2019-4-9 24:33:48,37.55540733,127.0117022,23
절도,2019-3-3 15:32:54,37.55080144,127.0097799,58
절도,2019-2-18 6:57:19,37.56518607,126.9965731,115
절도,2019-9-7 21:3:12,37.5443527,127.0071689,85
절도,2019-12-21 24:33:35,37.55082011,127.012838,52
절도,2019-4-28 12:20:33,37.5566611,127.0187987,15
폭행,2019-11-11 3:9:52,37.55725088,127.0150104,95
절도,2019-5-3 13:3:48,37.55318168,127.0166856,37
절도,2019-8-8 15:55:22,37.54639977,127.0057071,74
폭행,2019-5-19 15:27:37,37.54981735,127.0090835,59
폭행,2019-1-29 12:55:28,37.54870389,127.0070727,91
폭행,2019-12-12 13:17:16,37.55208449,127.0118325,43
폭행,2019-9-29 19:17:53,37.55161201,127.0105414,55
절도,2019-10-1 19:53:51,37.55505698,127.0117555,24
폭행,2019-4-29 21:41:22,37.54737434,127.0119784,66
절도,2019-6-3 12:20:3,37.55069726,127.0087763,58
폭행,2019-1-4 21:13:1,37.54378797,127.0087552,83
절도,2019-10-27 14:8:19,37.55817523,126.9783548,120
폭행,2019-6-29 3:26:3,37.56147756,127.0085568,0
절도,2019-3-10 3:18:47,37.54756825,127.0069626,90
절도,2019-2-18 16:19:41,37.55541817,127.013415,21
절도,2019-5-20 0:47:29,37.5651811,127.0083289,107
폭행,2019-6-20 6:45:32,37.55136128,127.0143659,47
절도,2019-1-4 23:42:10,37.55130979,127.0114135,42
절도,2019-12-12 23:13:18,37.5527309,127.0171242,35
절도,2019-3-10 7:59:31,37.5528309,127.0152741,38
절도,2019-11-9 15:48:40,37.55444141,127.0173198,36
폭행,2019-1-11 18:1:42,37.54414257,127.0075147,85
절도,2019-4-4 0:11:38,37.55044014,127.0088334,58
절도,2019-4-6 3:59:51,37.55655821,127.0199982,16
절도,2019-2-28 13:16:51,37.54911349,127.0127379,64
폭행,2019-9-1 12:43:44,37.55187449,127.0161137,50
폭행,2019-6-15 19:25:1,37.55194442,127.0142417,44
폭행,2019-6-20 2:16:46,37.5460725,127.0053319,76
강간,2019-12-27 20:14:45,37.56156297,127.0078883,0
폭행,2019-3-14 24:32:37,37.5579364,127.0150102,95
폭행,2019-6-13 4:55:56,37.5507583,127.0119033,53
절도,2019-1-17 12:0:38,37.54924436,127.0107031,60
폭행,2019-2-3 20:46:39,37.55170864,127.0118099,42
폭행,2019-3-27 21:29:19,37.55241074,127.0159546,50
절도,2019-9-10 14:54:36,37.55517045,127.0154196,30
폭행,2019-3-15 3:55:11,37.54825218,127.0068748,91
강간,2019-1-2 22:49:26,37.55760102,127.0155766,95
절도,2019-8-10 21:41:30,37.54885769,127.008764,69
폭행,2019-6-12 22:42:12,37.54704535,127.00607,78
폭행,2019-12-17 18:59:37,37.55417138,127.0141085,29
폭행,2019-12-15 14:41:51,37.55782877,127.0156798,97
폭행,2019-6-23 0:13:27,37.56098666,127.0096862,3
절도,2019-5-28 11:38:34,37.55476517,127.0115753,24
절도,2019-11-3 7:29:25,37.55649628,127.016355,13
폭행,2019-8-21 0:25:17,37.55785539,127.0192964,98
절도,2019-1-18 9:0:30,37.54862702,127.0087017,92
절도,2019-6-21 21:9:6,37.54773845,127.0114845,66
폭행,2019-2-12 12:23:39,37.55570175,127.0154776,20
폭행,2019-1-26 11:44:55,37.54748354,127.0105597,67
절도,2019-5-16 18:46:13,37.56176235,126.9873949,111
절도,2019-10-17 5:39:11,37.55327066,127.0149046,38
폭행,2019-1-29 19:37:20,37.55938269,126.9802231,121
폭행,2019-9-18 12:41:8,37.54742728,127.0078045,93
강간,2019-8-22 18:33:17,37.5551532,127.0157436,33
폭행,2019-5-5 21:37:49,37.54942785,127.0126326,62
절도,2019-2-16 6:32:58,37.56246293,126.9860103,112
폭행,2019-7-28 23:56:16,37.54534492,127.0070492,86
절도,2019-4-1 17:2:2,37.55556405,127.0144796,20
폭행,2019-6-29 19:46:49,37.55003587,127.0106804,54
절도,2019-3-15 5:52:9,37.56236753,126.9866132,112
절도,2019-2-22 15:26:22,37.54951,127.0108754,60
강간,2019-7-31 1:39:22,37.55197357,127.0111328,43
절도,2019-12-28 24:10:47,37.55142301,127.0150013,49
절도,2019-12-18 13:56:49,37.55673113,127.0198313,16
절도,2019-4-12 18:58:31,37.55040837,127.0123298,52
절도,2019-12-1 17:1:22,37.56152901,127.0105946,4
절도,2019-8-6 15:59:9,37.55048969,127.0104712,54
폭행,2019-10-5 18:44:8,37.55363017,127.0170396,36
절도,2019-12-2 20:26:55,37.55700113,127.0154296,11
절도,2019-3-17 21:5:9,37.54753604,127.0068645,90
폭행,2019-10-7 6:28:52,37.55498385,127.0174611,34
폭행,2019-8-7 0:17:33,37.56516305,126.996035,114
폭행,2019-10-11 23:41:40,37.55314237,127.0105518,57
절도,2019-7-15 20:4:28,37.56458969,127.0085452,107
절도,2019-9-10 11:7:16,37.54847134,127.0101624,71
절도,2019-3-18 6:39:11,37.55673222,127.0192552,16
폭행,2019-11-26 12:16:53,37.55258218,127.0144114,44
절도,2019-10-13 8:53:19,37.55803708,127.0179882,99
절도,2019-9-22 12:34:22,37.54643557,127.0082542,80
폭행,2019-2-22 6:10:18,37.55389407,127.0112232,27
폭행,2019-8-31 15:11:40,37.5567798,127.0185823,15
절도,2019-9-7 6:47:12,37.54909293,127.0121524,70
폭행,2019-1-24 3:42:8,37.56371471,127.0085145,103
폭행,2019-8-22 17:5:58,37.56459995,126.9951045,114
절도,2019-2-7 18:0:28,37.55482553,127.0123106,28
절도,2019-12-5 18:52:57,37.55340481,127.013564,39
폭행,2019-4-22 24:21:29,37.54419593,127.0096181,84
폭행,2019-9-12 16:14:6,37.54900859,127.0072623,91
폭행,2019-12-20 21:43:35,37.56330954,127.0082693,8
폭행,2019-8-5 21:24:37,37.55622861,127.0171607,18
절도,2019-10-12 13:35:25,37.56482886,127.0093139,106
폭행,2019-4-10 22:54:44,37.55175086,127.0154064,49
절도,2019-6-1 19:26:26,37.54689466,127.0076254,81
폭행,2019-4-4 9:42:11,37.54456638,127.0081696,83
절도,2019-9-19 7:26:26,37.54598739,127.0078109,80
폭행,2019-4-22 1:14:4,37.55284529,127.0115038,41
폭행,2019-6-2 24:36:23,37.54635952,127.0078446,80
절도,2019-3-19 12:15:3,37.55020508,127.0102982,54
절도,2019-8-23 12:10:28,37.55433062,127.0153141,31
절도,2019-9-20 17:49:15,37.55048152,127.0100038,54
폭행,2019-4-25 14:33:12,37.55775042,127.0163861,97
폭행,2019-10-8 23:33:28,37.55424526,127.0152198,31
폭행,2019-2-11 9:32:22,37.55778591,127.0179814,99
폭행,2019-6-4 18:15:19,37.54992755,127.0139168,63
절도,2019-10-30 16:29:39,37.54730241,127.0046113,75
절도,2019-5-7 14:27:56,37.54754209,127.0089994,68
절도,2019-3-16 22:27:24,37.55562667,127.016915,18
폭행,2019-3-12 2:16:46,37.54832857,127.0080684,92
폭행,2019-10-17 1:55:27,37.55215559,127.013617,44
절도,2019-4-26 17:9:26,37.54609639,127.0070565,79
폭행,2019-7-21 13:4:50,37.55776223,127.0166799,97
절도,2019-5-7 11:17:2,37.54619438,127.0055787,74
강간,2019-7-30 20:29:41,37.56124451,127.0096875,3
절도,2019-10-22 19:41:35,37.55393467,127.011698,27
절도,2019-4-21 11:12:1,37.55299474,127.0161859,37
절도,2019-5-20 12:53:24,37.55684877,127.0156674,13
절도,2019-11-21 6:31:48,37.54710475,127.0077277,81
절도,2019-11-5 5:16:29,37.54620751,127.0095884,73
절도,2019-9-14 18:44:41,37.54856801,127.0068499,91
폭행,2019-9-22 20:7:11,37.54582205,127.0067137,79
폭행,2019-11-9 17:42:3,37.54692316,127.0076437,81
폭행,2019-7-21 14:11:20,37.55513878,127.0177628,34
절도,2019-7-14 21:14:48,37.55442807,127.0119332,27
절도,2019-10-24 8:51:21,37.55664238,127.0164082,13
폭행,2019-11-10 1:49:21,37.54655849,127.0083172,81
절도,2019-12-15 24:18:29,37.55176153,127.0099856,55
절도,2019-7-12 10:14:32,37.5464674,127.0062046,78
폭행,2019-3-12 1:29:18,37.5478619,127.0057893,89
폭행,2019-2-13 18:31:27,37.55613082,127.0172361,18
절도,2019-11-27 3:29:48,37.55543128,127.0119128,23
절도,2019-4-18 5:47:47,37.55242856,127.0153771,48
폭행,2019-6-12 1:22:54,37.55586584,127.018751,17
폭행,2019-10-5 24:5:7,37.54835455,127.0102888,71
절도,2019-9-1 3:31:19,37.55742821,127.0205608,100
폭행,2019-4-1 20:54:24,37.55652297,127.0174048,14
절도,2019-3-18 5:51:36,37.54962596,127.0108067,60
절도,2019-7-9 15:21:32,37.55475252,127.0113441,24
폭행,2019-1-6 18:53:30,37.54718738,127.0071428,77
강간,2019-11-5 6:38:19,37.56274608,126.9864622,109
폭행,2019-11-5 21:19:35,37.55411266,127.0115908,27
폭행,2019-6-11 18:53:45,37.55787618,127.0192425,98
절도,2019-2-20 22:46:15,37.55617258,127.0171876,18
절도,2019-10-25 14:50:55,37.54705923,127.0080573,81
폭행,2019-11-16 7:27:57,37.54871658,127.0073906,91
절도,2019-8-17 23:46:12,37.55068603,127.0121369,53
폭행,2019-6-25 23:28:25,37.54942971,127.0131845,62
절도,2019-12-3 20:12:26,37.5439693,127.0066988,85
절도,2019-3-25 23:1:9,37.55084752,127.0127619,52
폭행,2019-1-1 5:51:55,37.54812082,127.0085414,93
절도,2019-12-17 11:58:43,37.56152974,127.0087674,3
폭행,2019-7-12 0:30:8,37.56496903,127.0102725,108
폭행,2019-6-11 5:38:10,37.56257829,127.0080913,1
절도,2019-12-1 12:5:34,37.55301022,127.016336,37
절도,2019-10-5 18:50:2,37.54784169,127.0090562,68
폭행,2019-10-31 12:7:12,37.56341207,127.0097536,7
절도,2019-11-30 13:29:34,37.54881117,127.0108123,71
절도,2019-10-24 2:2:40,37.54658854,127.0054743,78
절도,2019-7-14 23:43:54,37.54446998,127.0090738,84
절도,2019-5-28 17:8:22,37.54898113,127.011109,70
절도,2019-9-29 10:17:2,37.5457026,127.008454,80
폭행,2019-4-22 8:0:20,37.55679186,127.01771,14
절도,2019-4-12 21:26:0,37.55426765,127.0138327,29
강간,2019-8-23 9:43:59,37.55619751,127.017934,17
절도,2019-11-19 18:1:58,37.56276546,126.9873433,110
폭행,2019-10-16 0:3:39,37.54933658,127.0132537,62
폭행,2019-3-31 20:24:30,37.5507466,127.0114315,53
폭행,2019-6-14 4:48:24,37.56174528,126.9882057,111
절도,2019-3-19 11:43:7,37.55226587,127.0150886,48
절도,2019-1-24 20:35:56,37.55741099,127.0175611,96
강간,2019-8-15 22:7:26,37.56242436,126.9870401,112
폭행,2019-11-12 15:33:58,37.54469556,127.0057306,87
강간,2019-10-5 13:10:39,37.55115704,127.012127,42
폭행,2019-9-28 11:6:36,37.55636116,127.0163349,13
폭행,2019-7-27 4:50:29,37.5527011,127.0114388,43
폭행,2019-8-30 13:11:21,37.54914402,127.0112437,61
폭행,2019-2-9 24:31:7,37.55644869,127.0191681,16
절도,2019-11-6 15:28:1,37.56447458,127.0098774,106
강간,2019-9-5 9:16:28,37.55522092,127.0132708,28
절도,2019-5-26 12:2:11,37.55497657,127.014864,30
절도,2019-6-23 21:20:32,37.56273824,126.9860432,109
폭행,2019-10-13 4:14:39,37.546879,127.0081632,81
절도,2019-10-16 13:9:32,37.54710898,127.007919,81
폭행,2019-10-4 24:3:53,37.54896395,127.0106601,71
절도,2019-4-22 15:11:10,37.56315795,126.9877602,110
폭행,2019-5-2 3:15:54,37.54869234,127.0122795,64
절도,2019-7-18 24:46:37,37.54886187,127.0083314,92
절도,2019-10-11 21:27:8,37.54793833,127.0065616,90
폭행,2019-4-21 20:35:29,37.55773349,127.0157164,97
절도,2019-10-7 16:6:47,37.54733428,127.0086802,81
폭행,2019-8-26 9:15:2,37.55306627,127.0121845,40
절도,2019-3-6 7:3:8,37.54613703,127.0055628,74
폭행,2019-10-28 3:23:28,37.56375331,127.0080547,103
폭행,2019-6-13 24:46:52,37.55853106,126.9792479,119
폭행,2019-5-30 6:8:10,37.55954868,126.9800579,121
절도,2019-7-2 24:21:6,37.55500349,127.0143397,25
폭행,2019-2-9 10:2:9,37.55008302,127.0117301,53
절도,2019-10-27 15:8:0,37.54943943,127.0143738,63
폭행,2019-4-13 1:24:14,37.55637483,127.0153789,11
절도,2019-5-4 11:14:48,37.56298916,126.9870305,109
강간,2019-12-6 7:46:26,37.55685038,127.0129476,10
절도,2019-7-28 15:23:30,37.55635523,127.0147185,11
절도,2019-4-9 20:53:44,37.55422833,127.0171629,36
절도,2019-2-28 18:38:9,37.56299473,127.0095804,7
절도,2019-3-29 2:3:42,37.55348463,127.0113101,41
절도,2019-1-13 18:48:55,37.55330273,127.0128871,40
절도,2019-7-21 10:48:13,37.54678572,127.007427,77
절도,2019-11-30 12:8:45,37.54953188,127.0105032,60
절도,2019-2-12 17:34:44,37.55350972,127.0134979,39
강간,2019-2-23 5:23:12,37.54967883,127.0104849,60
폭행,2019-11-13 20:33:20,37.54447894,127.0083728,83
절도,2019-1-23 5:4:32,37.56127001,127.0103557,4
절도,2019-12-13 9:26:57,37.54465931,127.0065742,86
폭행,2019-1-13 1:57:27,37.55243157,127.0128219,45
절도,2019-2-3 9:22:42,37.5528222,127.0156685,37
폭행,2019-9-22 22:38:10,37.56430609,127.0093973,102
절도,2019-10-22 4:52:9,37.55596297,127.0125026,22
폭행,2019-10-29 9:5:14,37.5507399,127.0100794,54
폭행,2019-1-16 5:27:30,37.5440121,127.0069529,85
폭행,2019-8-2 0:10:15,37.54476076,127.0061771,87
폭행,2019-2-14 8:2:3,37.55435184,127.011645,27
절도,2019-9-11 15:27:5,37.56227323,126.9865158,112
폭행,2019-1-1 21:9:34,37.56350099,127.0079408,103
절도,2019-3-19 13:20:31,37.54799875,127.0112018,66
절도,2019-3-24 4:57:38,37.56120713,127.0088289,3
절도,2019-11-4 21:31:4,37.56404837,127.0099611,101
폭행,2019-8-23 23:20:0,37.56452231,127.0090713,106
폭행,2019-2-10 22:11:58,37.56213605,127.0110091,5
폭행,2019-6-19 2:8:44,37.55802335,127.0192071,98
절도,2019-8-18 13:37:4,37.56427954,127.0104599,101
폭행,2019-1-20 0:2:53,37.5625346,127.0100231,5
폭행,2019-1-8 23:2:42,37.55699193,127.0189302,15
폭행,2019-7-5 19:18:48,37.55944382,126.9795523,121
폭행,2019-8-12 15:10:51,37.56225428,127.0078514,1
폭행,2019-5-19 15:58:48,37.54863467,127.0118678,70
폭행,2019-12-31 17:51:27,37.56333568,127.0075746,105
폭행,2019-2-18 19:33:12,37.54898355,127.0095449,69
폭행,2019-12-31 22:42:6,37.54555967,127.0076962,80
절도,2019-6-12 14:24:55,37.54593496,127.0058284,74
폭행,2019-12-24 7:23:49,37.54672853,127.0079012,81
강간,2019-2-16 24:51:4,37.56190066,126.987252,111
절도,2019-4-3 17:4:23,37.5578882,127.0185834,99
절도,2019-1-30 18:46:47,37.56465373,127.0084399,107
절도,2019-12-29 10:38:35,37.56278317,126.9870451,109
폭행,2019-10-2 0:8:50,37.55034723,127.0135072,51
폭행,2019-1-11 3:42:44,37.55779465,127.0180282,99
절도,2019-5-7 22:37:4,37.55544951,127.0166491,19
절도,2019-5-2 23:58:50,37.55573212,127.0162946,19
절도,2019-7-22 13:24:40,37.54486049,127.0087298,82
강간,2019-8-23 17:4:32,37.54577272,127.0095396,73
절도,2019-6-29 14:51:50,37.54530626,127.0080283,82
절도,2019-12-1 8:32:54,37.54952966,127.0079788,94
절도,2019-11-24 12:50:26,37.56367106,127.0070569,104
절도,2019-7-27 18:11:49,37.56177915,127.007939,1
폭행,2019-12-16 15:14:55,37.55459853,127.0120354,24
절도,2019-10-3 14:37:1,37.56479347,126.9970272,115
절도,2019-6-3 3:9:34,37.56421476,127.0090923,102
폭행,2019-6-8 21:54:45,37.55588158,127.0180442,17
절도,2019-12-23 3:30:57,37.55035593,127.0123372,52
강간,2019-11-17 3:45:21,37.54848967,127.0078308,92
절도,2019-5-21 6:46:18,37.56191856,127.0101176,5
폭행,2019-2-9 21:7:34,37.55415957,127.0122331,26
절도,2019-4-6 16:15:50,37.55029518,127.0130759,52
폭행,2019-5-25 6:55:14,37.55392174,127.0112586,27
절도,2019-5-7 12:25:54,37.55546111,127.0142758,21
절도,2019-5-12 16:43:35,37.54440735,127.0068346,85
폭행,2019-12-6 15:8:52,37.54601068,127.0071995,79
절도,2019-1-20 15:0:1,37.54952386,127.0125951,62
절도,2019-11-7 18:16:16,37.55514988,127.0150222,30
폭행,2019-8-26 22:40:41,37.5505845,127.0105347,54
절도,2019-5-12 18:13:29,37.5566701,127.0175142,14
절도,2019-9-1 14:56:31,37.55549318,127.0145039,20
강간,2019-4-3 20:5:34,37.54471764,127.0072714,86
절도,2019-1-10 14:13:23,37.56211924,127.007834,1
절도,2019-12-4 11:11:40,37.55514001,127.0115616,24
절도,2019-5-4 1:6:17,37.55036045,127.0088898,58
폭행,2019-3-16 23:38:46,37.54993481,127.0092417,59
폭행,2019-2-21 23:24:1,37.56548822,126.9972331,116
절도,2019-1-11 7:24:34,37.56170223,127.0090261,2
절도,2019-2-28 4:32:41,37.55357614,127.0108892,57
폭행,2019-9-6 21:4:14,37.5573726,127.0197775,98
폭행,2019-8-26 19:6:40,37.54982909,127.0128138,62
폭행,2019-6-5 21:50:54,37.54667799,127.0084165,81
폭행,2019-4-12 0:46:34,37.55478001,127.014091,25
절도,2019-3-31 21:44:41,37.55619331,127.0168317,18
절도,2019-3-25 15:18:39,37.54431308,127.0098487,84
절도,2019-8-25 13:36:0,37.55616907,127.017206,18
절도,2019-10-17 6:32:31,37.5531397,127.0173628,35
폭행,2019-11-3 13:10:46,37.55784992,127.0197438,98
절도,2019-12-1 16:0:18,37.56100481,127.0095336,3
폭행,2019-9-12 23:2:3,37.55011258,127.0124176,52
폭행,2019-6-22 22:31:54,37.56347793,127.0073172,104
절도,2019-7-30 1:16:50,37.56136086,127.0088199,3
절도,2019-1-3 22:54:20,37.5519577,127.0133414,44
절도,2019-11-18 21:35:8,37.55804624,127.0207149,100
절도,2019-3-27 6:53:55,37.56141093,127.0103742,4
폭행,2019-10-26 1:39:43,37.55638932,127.0154026,11
절도,2019-12-18 12:56:31,37.54963852,127.0099375,60
폭행,2019-10-27 6:3:54,37.56341283,127.0081521,8
절도,2019-8-6 1:54:33,37.5458531,127.00878,73
폭행,2019-10-14 19:2:53,37.55085784,127.0096636,58
절도,2019-9-1 18:3:36,37.56300994,126.986756,109
폭행,2019-8-31 0:12:29,37.5498704,127.0130962,62
폭행,2019-2-28 4:5:4,37.56317104,127.0080664,8
폭행,2019-7-12 24:34:13,37.56184998,127.0084513,1
절도,2019-1-16 20:52:30,37.56522902,127.010645,108
폭행,2019-10-24 9:7:6,37.55368938,127.0142644,29
폭행,2019-7-15 3:42:31,37.55722807,127.0201907,100
절도,2019-8-1 23:32:20,37.55519454,127.0119948,24
절도,2019-1-2 8:20:30,37.56218787,126.9862326,112
절도,2019-4-4 22:20:21,37.55674547,127.0123141,10
폭행,2019-8-15 9:17:41,37.54879824,127.0123843,64
절도,2019-3-27 22:42:43,37.54790412,127.0059379,89
절도,2019-5-25 12:2:1,37.551588,127.0137255,47
절도,2019-8-18 7:16:20,37.56183122,126.9881776,111
폭행,2019-7-4 23:1:33,37.55058787,127.009802,58
폭행,2019-1-13 4:19:1,37.56402547,127.0109585,101
절도,2019-11-23 23:0:17,37.54821941,127.0078334,93
절도,2019-9-4 0:51:49,37.5627641,127.0077008,8
절도,2019-4-27 14:1:38,37.55804213,127.0197024,98
절도,2019-6-14 9:7:11,37.5581492,126.9786768,120
폭행,2019-5-8 16:25:13,37.56552645,126.9970297,116
절도,2019-5-13 20:52:3,37.5643482,127.0082617,103
폭행,2019-6-21 21:56:3,37.54722166,127.005832,78
절도,2019-7-7 14:53:45,37.5491951,127.0094609,59
폭행,2019-3-4 18:23:20,37.54752992,127.0120467,66
절도,2019-4-18 23:32:12,37.55007504,127.0112093,53
폭행,2019-2-20 18:38:17,37.55697708,127.0122365,10
절도,2019-6-27 21:57:2,37.55314467,127.011933,41
절도,2019-9-23 15:38:3,37.54645058,127.0095192,72
절도,2019-2-9 22:50:15,37.56328848,127.0067327,105
절도,2019-12-13 17:44:2,37.55504349,127.0120853,24
강간,2019-4-17 12:19:23,37.54741475,127.0084656,93
폭행,2019-8-24 15:14:31,37.56196693,126.9879489,111
절도,2019-7-11 11:50:32,37.55372455,127.0166397,32
절도,2019-1-26 10:24:22,37.54956439,127.012197,62
폭행,2019-9-29 10:17:8,37.55267414,127.012069,43
폭행,2019-3-6 24:25:20,37.56550502,126.9958598,113
절도,2019-5-10 7:47:14,37.55423486,127.0136183,29
절도,2019-7-19 19:11:19,37.55861252,126.979412,119
절도,2019-11-9 20:11:47,37.54658118,127.005175,75
폭행,2019-8-13 23:45:58,37.55348489,127.0107235,57
절도,2019-7-12 12:34:44,37.54930735,127.0086805,94
폭행,2019-7-22 18:35:40,37.56430946,127.0090302,102
폭행,2019-8-20 21:6:35,37.54968503,127.0114171,61
절도,2019-3-28 19:7:13,37.55768622,127.0185548,99
절도,2019-10-25 19:35:43,37.55572018,127.0156085,19
폭행,2019-12-16 15:48:23,37.56520004,127.0093832,106
폭행,2019-5-11 21:27:44,37.56608144,126.9966852,116
절도,2019-5-20 20:17:29,37.55703005,127.0178975,15
폭행,2019-10-10 22:20:29,37.56533977,126.995166,113
폭행,2019-11-21 20:56:52,37.55659722,127.0144883,11
절도,2019-11-21 17:30:40,37.55770414,127.0147456,95
절도,2019-11-9 18:49:49,37.55326637,127.0127811,40
폭행,2019-1-17 22:30:15,37.54890814,127.0078155,92
절도,2019-2-17 14:23:53,37.56337084,126.9869588,109
폭행,2019-1-14 9:7:17,37.55290221,127.0145737,38
절도,2019-7-19 9:46:45,37.56225419,127.0105851,5
폭행,2019-2-26 23:6:3,37.55035038,127.0104778,54
폭행,2019-2-28 15:31:34,37.55083742,127.0113452,53
절도,2019-3-2 14:17:42,37.56311484,126.9860914,109
폭행,2019-6-11 23:49:50,37.5524841,127.0159644,50
폭행,2019-10-13 24:46:51,37.55444023,127.0170652,36
절도,2019-2-16 5:32:10,37.56103376,127.0090112,3
절도,2019-5-9 21:11:48,37.55371915,127.0111287,27
절도,2019-7-18 4:56:10,37.55393877,127.0114551,27
폭행,2019-3-18 17:39:58,37.55595183,127.0119077,23
절도,2019-3-14 12:27:25,37.55160339,127.0147449,49
절도,2019-7-2 3:29:5,37.56229059,127.0081188,1
절도,2019-3-29 21:10:43,37.55575734,127.0111747,23
절도,2019-5-26 21:26:39,37.55421324,127.0122445,26
절도,2019-7-27 2:10:26,37.55188859,127.0119725,43
절도,2019-7-23 19:32:32,37.55636585,127.0166243,13
절도,2019-5-22 11:37:55,37.56242615,127.0091249,2
절도,2019-12-1 13:1:2,37.55092662,127.0154054,49
절도,2019-1-10 20:11:32,37.55636535,127.0154655,11
폭행,2019-1-1 8:4:22,37.55494672,127.0168455,34
절도,2019-2-16 21:6:55,37.55744262,126.9793108,118
강간,2019-7-5 23:30:10,37.549303,127.0091508,59
절도,2019-11-3 17:56:0,37.54850091,127.0082669,92
폭행,2019-9-3 21:12:37,37.55640304,127.0194741,16
절도,2019-4-19 0:15:5,37.55494351,127.0172342,34
절도,2019-5-8 12:40:55,37.55291534,127.0176417,35
절도,2019-12-27 18:13:17,37.55714739,127.0111897,9
폭행,2019-12-6 13:6:3,37.55384654,127.0119911,27
폭행,2019-5-13 9:2:26,37.55359542,127.0145057,38
절도,2019-4-4 18:3:23,37.55310233,127.0126939,40
폭행,2019-8-18 20:40:57,37.5513013,127.014777,49
절도,2019-1-6 6:43:38,37.55549052,127.0114835,23
절도,2019-5-2 18:48:16,37.55782992,127.0180824,99
폭행,2019-12-24 9:22:47,37.54971824,127.0111469,61
절도,2019-2-6 21:51:51,37.54872412,127.0132661,64
절도,2019-4-28 21:19:34,37.55161439,127.0124173,46
절도,2019-7-30 13:41:8,37.55786294,127.019913,98
폭행,2019-1-13 24:56:46,37.56486515,127.0105932,108
폭행,2019-2-4 1:9:34,37.54664297,127.0086077,81
절도,2019-9-2 20:54:34,37.56399958,127.0101899,101
폭행,2019-10-13 22:58:40,37.54995838,127.0134863,63
폭행,2019-9-14 1:14:10,37.54653622,127.0082449,81
절도,2019-11-27 17:24:36,37.55189917,127.011043,43
절도,2019-9-13 9:17:2,37.55639151,127.0176868,14
폭행,2019-9-4 2:44:53,37.55051508,127.0096642,58
절도,2019-8-5 21:19:25,37.55348775,127.0157744,37
절도,2019-2-11 18:56:9,37.55786679,127.0154988,95
절도,2019-11-12 8:5:57,37.5529274,127.0158803,37
폭행,2019-6-16 18:47:27,37.54988205,127.0110898,61
절도,2019-10-2 20:50:24,37.5520301,127.0122775,45
절도,2019-4-7 3:47:17,37.56309372,126.9868969,109
절도,2019-4-30 10:18:20,37.55429178,127.0168356,36
강간,2019-7-16 4:56:11,37.55563355,127.0177588,18
폭행,2019-9-17 3:44:16,37.56323772,127.008132,8
절도,2019-2-24 1:52:25,37.54642763,127.007948,80
절도,2019-10-12 15:20:50,37.56321134,127.0071642,105
절도,2019-10-5 13:21:30,37.5557278,127.0160816,19
폭행,2019-7-27 22:11:50,37.54597795,127.0068608,79
절도,2019-10-14 8:29:9,37.55797051,127.0147232,95
절도,2019-9-29 20:19:42,37.55024268,127.0122637,52
절도,2019-10-2 22:41:26,37.55130058,127.0131542,46
절도,2019-9-1 6:55:19,37.56140596,127.0082773,0
폭행,2019-11-14 10:48:29,37.54985095,127.0098816,59
절도,2019-5-6 9:29:28,37.56411371,127.0103027,101
절도,2019-8-30 15:30:11,37.54615289,127.008681,80
절도,2019-12-11 10:2:51,37.5471217,127.0061907,78
폭행,2019-6-30 7:13:41,37.54643525,127.0085948,80
폭행,2019-9-29 8:59:51,37.56213481,127.0098099,2
폭행,2019-9-21 21:6:34,37.54716645,127.0083693,81
절도,2019-4-13 6:54:40,37.55371828,127.0150196,31
강간,2019-3-5 12:23:5,37.55411108,127.0158765,32
절도,2019-8-10 5:43:47,37.54833339,127.010743,71
절도,2019-9-1 5:2:30,37.54681236,127.004795,75
폭행,2019-10-16 4:54:13,37.55676238,127.0145678,11
절도,2019-7-28 12:24:42,37.56362572,127.0084981,103
폭행,2019-4-27 1:37:29,37.56242041,127.0077573,1
절도,2019-12-7 21:23:41,37.56297802,127.0093045,7
폭행,2019-11-29 4:26:57,37.550001,127.0115907,61
절도,2019-9-29 12:31:26,37.55249186,127.0108428,56
폭행,2019-8-26 20:23:43,37.56486771,126.996424,115
절도,2019-8-10 21:14:48,37.54395237,127.0089496,84
폭행,2019-9-23 19:55:59,37.548562,127.0075176,91
폭행,2019-6-20 16:24:8,37.55640208,127.0167937,14
절도,2019-12-21 18:19:2,37.56480569,127.0094468,106
절도,2019-7-21 6:56:32,37.56510558,127.0094083,106
절도,2019-4-15 9:13:3,37.54754363,127.0114285,66
절도,2019-5-17 21:47:17,37.54469076,127.0068178,86
폭행,2019-4-29 2:12:13,37.56235472,126.9872711,111
폭행,2019-2-12 4:27:39,37.54776901,127.0062606,89
폭행,2019-1-2 19:50:32,37.55276254,127.0154508,38
폭행,2019-1-2 5:50:17,37.54647393,127.0088237,72
폭행,2019-11-30 12:44:34,37.5522754,127.0117653,43
절도,2019-1-23 14:55:54,37.56334889,127.0100403,6
절도,2019-6-12 21:50:5,37.54501821,127.0067538,86
강간,2019-12-4 22:13:25,37.56320305,127.007599,105
절도,2019-7-6 17:47:17,37.55317875,127.0162544,37
절도,2019-9-20 6:8:2,37.54402172,127.0081428,83
절도,2019-4-10 12:54:53,37.54826983,127.0101448,71
폭행,2019-4-22 24:22:52,37.55452177,127.0134268,25
폭행,2019-8-20 7:54:44,37.55433274,127.0168342,36
폭행,2019-8-30 6:37:0,37.54724084,127.0085129,81
강간,2019-9-18 5:12:10,37.55473669,127.0142063,25
절도,2019-7-9 21:43:27,37.56535371,126.9951176,113
폭행,2019-1-1 5:19:33,37.54379142,127.0072406,85
폭행,2019-3-29 22:29:39,37.55434123,127.0158475,32
폭행,2019-12-5 15:6:54,37.55144585,127.0140324,47
절도,2019-11-5 9:19:53,37.55712224,127.0169454,14
절도,2019-12-3 4:18:21,37.54453846,127.0068686,85
폭행,2019-10-20 13:46:14,37.56470298,127.0104176,108
절도,2019-1-18 3:45:44,37.54825067,127.011402,65
폭행,2019-5-13 12:58:47,37.5522429,127.0108258,56
절도,2019-7-23 15:53:8,37.56111186,127.0089465,3
폭행,2019-12-14 3:5:30,37.55749188,126.9792594,118
절도,2019-12-2 14:2:6,37.56111977,127.0087062,0
폭행,2019-10-3 16:18:44,37.5580632,127.0187503,99
절도,2019-11-8 23:39:48,37.54887812,127.0065424,91
절도,2019-10-31 7:38:22,37.55906042,126.9791846,121
폭행,2019-10-14 0:17:17,37.55208248,127.0141513,44
폭행,2019-5-12 24:3:45,37.55465795,127.0156284,33
절도,2019-5-29 3:3:12,37.54759459,127.0071362,90
폭행,2019-1-14 6:3:20,37.55266369,127.0137304,44
폭행,2019-5-28 5:39:38,37.55176559,127.0124403,46
절도,2019-2-14 10:13:30,37.54625334,127.0082259,80
폭행,2019-3-17 22:35:40,37.54489499,127.0069709,86
절도,2019-6-6 15:13:33,37.55453905,127.0158502,33
절도,2019-10-10 1:25:13,37.55205754,127.0163441,50
폭행,2019-3-25 15:53:46,37.55002486,127.0133321,63
폭행,2019-5-10 22:55:48,37.55750952,127.0205978,100
폭행,2019-10-1 9:4:31,37.56235313,126.9879466,111
폭행,2019-9-29 24:19:4,37.54611399,127.0058246,74
폭행,2019-6-18 3:16:36,37.55256201,127.0135979,44
강간,2019-9-6 21:0:39,37.55241203,127.012415,45
절도,2019-7-10 7:39:16,37.54895726,127.0104409,71
폭행,2019-9-12 4:44:6,37.55287787,127.0133733,39
절도,2019-2-4 3:22:18,37.55581203,127.0112546,23
폭행,2019-12-5 18:31:19,37.55158167,127.014898,49
폭행,2019-1-12 2:23:17,37.5571618,127.0187322,15
절도,2019-2-15 15:34:25,37.54703385,127.006183,78
절도,2019-1-10 5:27:21,37.547633,127.0107713,67
폭행,2019-4-2 12:37:39,37.56223244,127.0086665,1
절도,2019-12-3 24:20:9,37.54654298,127.0060059,78
절도,2019-11-26 4:28:16,37.55219004,127.0099619,56
폭행,2019-2-2 17:54:26,37.55767409,127.0160261,97
폭행,2019-9-7 16:52:52,37.54555636,127.0070498,79
절도,2019-4-15 18:55:1,37.54706472,127.0060332,78
절도,2019-10-7 14:10:57,37.55744285,127.0148691,95
절도,2019-11-18 10:8:14,37.55610666,127.0148889,20
절도,2019-3-11 15:38:37,37.54461689,127.0090805,84
폭행,2019-3-13 24:47:29,37.55516842,127.0145466,30
폭행,2019-5-19 19:11:5,37.55388073,127.0163281,32
폭행,2019-7-6 23:52:34,37.56397548,127.0098496,102
절도,2019-8-1 15:3:32,37.56232085,126.9873132,111
절도,2019-11-12 11:44:50,37.54752093,127.0100646,67
강간,2019-8-28 6:29:49,37.56372576,127.0092238,102
폭행,2019-6-1 3:29:39,37.56376623,127.0088308,102
강간,2019-2-3 1:57:0,37.55009427,127.0110271,54
절도,2019-10-27 15:48:58,37.55447151,127.015355,31
폭행,2019-6-12 18:0:39,37.54911918,127.0081857,92
절도,2019-3-30 7:41:12,37.55665217,127.0154941,11
절도,2019-1-16 14:45:56,37.5532819,127.0113593,41
절도,2019-4-6 10:22:43,37.55500578,127.0175845,34
폭행,2019-7-19 13:4:5,37.56558406,126.9968731,116
폭행,2019-6-14 22:23:20,37.54694142,127.0076062,77
폭행,2019-11-11 18:47:30,37.56580843,126.996513,116
폭행,2019-8-6 7:56:43,37.5564504,127.0132987,10
절도,2019-12-2 8:14:49,37.54916476,127.0103749,60
폭행,2019-11-26 4:31:20,37.56395052,127.0069063,104
절도,2019-11-6 17:57:39,37.54455559,127.0075127,85
절도,2019-6-26 15:11:47,37.5572275,127.0175063,96
절도,2019-8-19 17:22:34,37.55422129,127.0163771,32
폭행,2019-7-16 21:0:43,37.55938168,126.979936,121
절도,2019-11-22 4:8:9,37.55294308,127.0167596,35
폭행,2019-2-19 21:5:22,37.55142091,127.0104007,55
절도,2019-10-3 18:47:33,37.55584207,127.0183364,17
절도,2019-11-22 12:24:16,37.55563715,127.0158189,19
절도,2019-8-14 15:11:3,37.55265525,127.014192,44
폭행,2019-12-2 9:5:30,37.54540321,127.0084449,82
절도,2019-1-10 14:53:23,37.5633017,126.9878707,110
절도,2019-12-26 16:4:20,37.56440823,126.9954165,114
폭행,2019-8-14 8:16:47,37.56478418,127.0103631,108
절도,2019-12-20 4:26:44,37.55067874,127.0136414,51
폭행,2019-2-27 13:0:32,37.5565179,127.0162851,13
폭행,2019-6-27 20:14:37,37.56450451,127.0109615,108
폭행,2019-11-18 18:38:54,37.5556326,127.0186599,17
절도,2019-10-2 12:9:14,37.54972335,127.013324,63
절도,2019-2-27 24:6:45,37.55228628,127.0126485,45
폭행,2019-8-25 23:45:17,37.55459154,127.0129633,28
