서울특별시 중구 광희동1가 40,37.5659313,127.0041071,3,703
서울특별시 중구 광희동2가 217-2,37.5632318,127.0086027,8,819
서울특별시 중구 광희동2가 217-4,37.5630696,127.0085992,10,790
서울특별시 중구 광희동2가 217-5,37.5631518,127.0087407,10,819
서울특별시 중구 광희동2가 268,37.5639089,127.0079022,3,789
서울특별시 중구 광희동2가 303-15,37.562857,127.0079602,10,790
서울특별시 중구 광희동2가 303-43,37.5627078,127.0078015,18,791
서울특별시 중구 남대문로1가 97-1,37.5668152,126.9825451,1,271
서울특별시 중구 남산동2가 35,37.5589627,126.9847537,4,317
서울특별시 중구 남산동2가 36,37.5585641,126.9855492,3,335
서울특별시 중구 남산동2가 39-4,37.5588244,126.9853328,12,335
서울특별시 중구 남산동2가 42,37.5585639,126.9853205,15,335
서울특별시 중구 남산동2가 49-34,37.5571551,126.9854743,4,337
서울특별시 중구 남산동3가 30,37.5599452,126.9877364,6,371
서울특별시 중구 남창동 195-1,37.5566137,126.9782811,3,225
서울특별시 중구 남창동 205-142,37.5564896,126.9776852,5,207
서울특별시 중구 남창동 205-18,37.5565396,126.9778351,12,207
서울특별시 중구 남창동 205-44,37.5567104,126.9776913,55,207
서울특별시 중구 남창동 205-79,37.5565437,126.9774762,12,207
서울특별시 중구 남창동 210-2,37.5569419,126.9769456,3,188
서울특별시 중구 만리동1가 231,37.55612,126.9676729,1,52
서울특별시 중구 만리동1가 231,37.55612,126.9676729,56,52
서울특별시 중구 만리동1가 231,37.55612,126.9676729,51,52
서울특별시 중구 만리동1가 231,37.55612,126.9676729,1,52
서울특별시 중구 만리동1가 231,37.55612,126.9676729,27,52
서울특별시 중구 만리동1가 231,37.55612,126.9676729,51,52
서울특별시 중구 만리동1가 35-5,37.5565265,126.9674227,14,51
서울특별시 중구 만리동1가 53-4,37.5568273,126.9674084,11,51
서울특별시 중구 만리동1가 55-7,37.5570502,126.9659,8,39
서울특별시 중구 만리동1가 56-1,37.5572374,126.9658782,10,39
서울특별시 중구 만리동1가 56-11,37.5568894,126.9657585,14,29
서울특별시 중구 만리동1가 56-4,37.5566781,126.9653936,15,29
서울특별시 중구 만리동1가 56-51,37.557181,126.9657126,6,29
서울특별시 중구 만리동1가 57-1,37.5565512,126.9669481,8,51
서울특별시 중구 만리동2가 176-44,37.5540012,126.9638552,6,22
서울특별시 중구 만리동2가 218-105,37.5541278,126.9621727,11,4
서울특별시 중구 만리동2가 218-105,37.5541278,126.9621727,10,4
서울특별시 중구 만리동2가 218-105,37.5541278,126.9621727,11,4
서울특별시 중구 만리동2가 226,37.5521141,126.9629963,1,14
서울특별시 중구 만리동2가 288,37.5547643,126.964253,1,21
서울특별시 중구 만리동2가 288,37.5547643,126.964253,1,21
서울특별시 중구 만리동2가 288,37.5547643,126.964253,1,21
서울특별시 중구 만리동2가 288,37.5547643,126.964253,1,21
서울특별시 중구 만리동2가 288,37.5547643,126.964253,41,21
서울특별시 중구 만리동2가 288,37.5547643,126.964253,66,21
서울특별시 중구 만리동2가 288,37.5547643,126.964253,1,21
서울특별시 중구 만리동2가 288,37.5547643,126.964253,56,21
서울특별시 중구 만리동2가 288,37.5547643,126.964253,1,21
서울특별시 중구 만리동2가 288,37.5547643,126.964253,40,21
서울특별시 중구 무학동 70-1,37.5641475,127.0144437,9,943
서울특별시 중구 묵정동 11-2,37.560757,127.0007407,99,640
서울특별시 중구 묵정동 11-67,37.5606646,127.0000436,123,617
서울특별시 중구 묵정동 18-27,37.5606878,127.0021474,1,663
서울특별시 중구 묵정동 22-22,37.5603014,127.0011022,17,640
서울특별시 중구 묵정동 23-11,37.5613709,127.0020501,15,662
서울특별시 중구 묵정동 24-13,37.5614164,127.0012537,17,639
서울특별시 중구 묵정동 24-8,37.5613639,127.0015476,7,639
서울특별시 중구 묵정동 25-1,37.5609592,127.0017431,9,639
서울특별시 중구 묵정동 26-3,37.5606124,127.0011128,17,640
서울특별시 중구 묵정동 27-12,37.5626267,127.0009625,3,638
서울특별시 중구 산림동 139,37.5672887,126.9959728,3,513
서울특별시 중구 산림동 207-2,37.5670859,126.9954333,641,514
서울특별시 중구 산림동 31,37.5676116,126.9972804,3,538
서울특별시 중구 순화동 151,37.560174,126.9720786,138,111
서울특별시 중구 순화동 215,37.5630541,126.9695398,298,76
서울특별시 중구 순화동 217,37.5624639,126.9706122,297,93
서울특별시 중구 신당동 112-5,37.5641948,127.0170963,20,985
서울특별시 중구 신당동 113-3,37.5642162,127.0173881,23,985
서울특별시 중구 신당동 113-5,37.5641129,127.0176441,23,1005
서울특별시 중구 신당동 113-6,37.5638313,127.0175901,27,985
서울특별시 중구 신당동 113-7,37.5638871,127.0173652,23,985
서울특별시 중구 신당동 122-1,37.5643766,127.0180448,15,1005
서울특별시 중구 신당동 122-13,37.5640888,127.0184289,3,1005
서울특별시 중구 신당동 122-2,37.5643091,127.018263,15,1005
서울특별시 중구 신당동 122-5,37.5637222,127.0179051,16,1005
서울특별시 중구 신당동 122-6,37.5636204,127.0181271,3,1006
서울특별시 중구 신당동 133-24,37.5635522,127.0190302,9,1024
서울특별시 중구 신당동 140-34,37.5651826,127.019946,34,1039
서울특별시 중구 신당동 151-19,37.5646588,127.0216395,11,1056
서울특별시 중구 신당동 154-46,37.5637019,127.021644,25,1057
서울특별시 중구 신당동 155-14,37.5635033,127.0211622,15,1058
서울특별시 중구 신당동 156-4,37.5631182,127.0210088,11,1058
서울특별시 중구 신당동 156-5,37.562988,127.0210727,11,1058
서울특별시 중구 신당동 157-2,37.5625034,127.0213066,9,1059
서울특별시 중구 신당동 163-2,37.5632632,127.023179,9,1075
서울특별시 중구 신당동 163-3,37.563254,127.0233727,7,1092
서울특별시 중구 신당동 164-13,37.5633608,127.0227861,15,1075
서울특별시 중구 신당동 165-39,37.5627364,127.0226742,20,1076
서울특별시 중구 신당동 165-43,37.5626834,127.0221486,11,1076
서울특별시 중구 신당동 165-46,37.562522,127.0218157,10,1059
서울특별시 중구 신당동 165-47,37.5624798,127.0222588,10,1076
서울특별시 중구 신당동 165-52,37.562281,127.0219796,20,1059
서울특별시 중구 신당동 165-60,37.5625152,127.0219686,10,1059
서울특별시 중구 신당동 165-61,37.5624974,127.0221046,10,1059
서울특별시 중구 신당동 166-1,37.5629346,127.0229999,11,1075
서울특별시 중구 신당동 166-27,37.5626586,127.023068,8,1076
서울특별시 중구 신당동 166-7,37.5624013,127.0230069,8,1076
서울특별시 중구 신당동 233-40,37.5645543,127.0125515,3,896
서울특별시 중구 신당동 236-258,37.5639302,127.0106603,19,846
서울특별시 중구 신당동 236-42,37.5627686,127.0126848,10,897
서울특별시 중구 신당동 236-43,37.5625983,127.0125795,9,898
서울특별시 중구 신당동 236-44,37.5624958,127.0124994,9,898
서울특별시 중구 신당동 236-48,37.5620801,127.0121336,9,898
서울특별시 중구 신당동 236-519,37.5622832,127.0122894,15,898
서울특별시 중구 신당동 236-72,37.5617314,127.0114851,9,874
서울특별시 중구 신당동 241-26,37.5631015,127.0142425,13,944
서울특별시 중구 신당동 241-35,37.5629839,127.0141851,4,921
서울특별시 중구 신당동 288-5,37.560883,127.0150957,19,947
서울특별시 중구 신당동 290-42,37.5614336,127.0159668,22,967
서울특별시 중구 신당동 290-44,37.561221,127.0158643,12,967
서울특별시 중구 신당동 290-46,37.5620732,127.0160557,11,966
서울특별시 중구 신당동 290-49,37.5618636,127.0156623,16,966
서울특별시 중구 신당동 290-52,37.5613323,127.0155889,19,967
서울특별시 중구 신당동 290-58,37.5615501,127.016641,6,988
서울특별시 중구 신당동 290-67,37.5613329,127.0162047,19,967
서울특별시 중구 신당동 290-90,37.5609854,127.0157022,20,967
서울특별시 중구 신당동 292-35,37.5620855,127.0157963,23,966
서울특별시 중구 신당동 294-12,37.5602245,127.0146765,13,947
서울특별시 중구 신당동 296-4,37.5606482,127.0136251,6,924
서울특별시 중구 신당동 304-100,37.5635841,127.0127997,4,897
서울특별시 중구 신당동 304-104,37.5638026,127.0129553,4,896
서울특별시 중구 신당동 304-199,37.5632927,127.0125376,14,897
서울특별시 중구 신당동 304-213,37.5623771,127.0115524,4,873
서울특별시 중구 신당동 304-218,37.5639313,127.0128291,7,896
서울특별시 중구 신당동 304-232,37.5642109,127.0127643,10,896
서울특별시 중구 신당동 304-244,37.5631593,127.0118907,8,872
서울특별시 중구 신당동 304-250,37.5632159,127.0116545,19,872
서울특별시 중구 신당동 304-262,37.5624929,127.0108571,20,873
서울특별시 중구 신당동 304-263,37.5623208,127.0108537,30,848
서울특별시 중구 신당동 304-277,37.5626191,127.0109652,17,873
서울특별시 중구 신당동 304-281,37.5630696,127.0118297,8,872
서울특별시 중구 신당동 304-30,37.5626038,127.0137714,8,922
서울특별시 중구 신당동 304-343,37.5633315,127.0129819,5,897
서울특별시 중구 신당동 304-345,37.5632581,127.0129296,5,897
서울특별시 중구 신당동 304-413,37.5610164,127.0127204,16,899
서울특별시 중구 신당동 304-441,37.563561,127.013263,6,921
서울특별시 중구 신당동 304-458,37.5638289,127.0127603,8,896
서울특별시 중구 신당동 304-475,37.5628255,127.0106568,21,847
서울특별시 중구 신당동 304-586,37.5611927,127.0123672,10,899
서울특별시 중구 신당동 304-656,37.5626476,127.0115783,17,873
서울특별시 중구 신당동 304-803,37.5627434,127.0110677,17,873
서울특별시 중구 신당동 304-804,37.5629312,127.0110052,5,872
서울특별시 중구 신당동 304-805,37.5628771,127.0111134,5,872
서울특별시 중구 신당동 304-806,37.5628203,127.0112229,5,872
서울특별시 중구 신당동 304-807,37.5627581,127.0113233,5,872
서울특별시 중구 신당동 307-33,37.5607459,127.0126968,6,900
서울특별시 중구 신당동 307-5,37.5607459,127.0126968,6,900
서울특별시 중구 신당동 307-5,37.5607459,127.0126968,3,900
서울특별시 중구 신당동 308-2,37.5599793,127.0129344,10,901
서울특별시 중구 신당동 308-2,37.5599793,127.0129344,21,901
서울특별시 중구 신당동 309-104,37.5519828,127.013831,13,933
서울특별시 중구 신당동 309-110,37.5521177,127.0136923,9,933
서울특별시 중구 신당동 309-116,37.5524962,127.0139136,9,933
서울특별시 중구 신당동 309-124,37.5517526,127.0136722,17,934
서울특별시 중구 신당동 309-127,37.5519411,127.0135814,17,933
서울특별시 중구 신당동 309-220,37.5529173,127.0141661,9,932
서울특별시 중구 신당동 309-222,37.5526157,127.0139799,10,933
서울특별시 중구 신당동 309-251,37.5527751,127.0140729,1,933
서울특별시 중구 신당동 309-252,37.5527411,127.014543,3,956
서울특별시 중구 신당동 309-252,37.5527411,127.014543,3,956
서울특별시 중구 신당동 309-254,37.5527199,127.0142694,10,956
서울특별시 중구 신당동 309-254,37.5527199,127.0142694,10,956
서울특별시 중구 신당동 309-64,37.5514842,127.0135761,10,934
서울특별시 중구 신당동 309-75,37.5523312,127.0137913,13,933
서울특별시 중구 신당동 309-76,37.552257,127.0139666,9,933
서울특별시 중구 신당동 313-8,37.559221,127.0169761,12,990
서울특별시 중구 신당동 321-77,37.5592532,127.0151058,4,948
서울특별시 중구 신당동 321-9,37.5589217,127.0151204,11,949
서울특별시 중구 신당동 323-2,37.5585215,127.0159723,5,970
서울특별시 중구 신당동 330-206,37.5580548,127.0160859,5,971
서울특별시 중구 신당동 330-218,37.5580501,127.0157295,5,971
서울특별시 중구 신당동 330-342,37.5574157,127.0165923,9,992
서울특별시 중구 신당동 333-110,37.5575851,127.0131403,7,927
서울특별시 중구 신당동 333-121,37.556563,127.0148187,18,951
서울특별시 중구 신당동 333-123,37.5566488,127.0146342,12,951
서울특별시 중구 신당동 333-125,37.5561122,127.0147861,11,952
서울특별시 중구 신당동 333-128,37.5563128,127.0144304,16,952
서울특별시 중구 신당동 333-179,37.5564846,127.0165536,20,993
서울특별시 중구 신당동 333-18,37.5567148,127.0148767,20,951
서울특별시 중구 신당동 333-184,37.5570235,127.0163473,19,972
서울특별시 중구 신당동 333-198,37.5574593,127.0140463,4,927
서울특별시 중구 신당동 333-253,37.5568369,127.0165467,4,993
서울특별시 중구 신당동 333-255,37.5565587,127.0163591,11,972
서울특별시 중구 신당동 333-26,37.5560614,127.0149713,11,952
서울특별시 중구 신당동 333-280,37.5564849,127.0156165,5,972
서울특별시 중구 신당동 333-31,37.5562325,127.0146317,25,952
서울특별시 중구 신당동 333-40,37.5569665,127.0142701,17,951
서울특별시 중구 신당동 333-42,37.5565067,127.0140181,20,928
서울특별시 중구 신당동 333-45,37.557228,127.014184,16,928
서울특별시 중구 신당동 333-46,37.5570334,127.0140723,20,928
서울특별시 중구 신당동 333-59,37.5570215,127.0136254,12,928
서울특별시 중구 신당동 333-66,37.5577316,127.0133025,16,927
서울특별시 중구 신당동 333-82,37.5571355,127.0148689,13,951
서울특별시 중구 신당동 333-9,37.5561961,127.0138275,19,929
서울특별시 중구 신당동 333-91,37.557354,127.0142763,11,950
서울특별시 중구 신당동 338-13,37.558661,127.0120712,7,902
서울특별시 중구 신당동 340-101,37.5565139,127.0125082,28,904
서울특별시 중구 신당동 340-11,37.5560778,127.0120725,12,905
서울특별시 중구 신당동 340-127,37.555934,127.0124457,46,905
서울특별시 중구 신당동 340-131,37.5557874,127.0135488,21,929
서울특별시 중구 신당동 340-18,37.5562171,127.013439,9,929
서울특별시 중구 신당동 340-24,37.555946,127.0133396,10,929
서울특별시 중구 신당동 340-24,37.555946,127.0133396,10,929
서울특별시 중구 신당동 340-34,37.5568278,127.0129737,9,904
서울특별시 중구 신당동 340-38,37.5561691,127.0125388,15,905
서울특별시 중구 신당동 340-38,37.5561691,127.0125388,16,905
서울특별시 중구 신당동 340-45,37.5566371,127.0126899,30,904
서울특별시 중구 신당동 340-56,37.5567588,127.0124891,20,904
서울특별시 중구 신당동 340-88,37.5563918,127.0134243,6,929
서울특별시 중구 신당동 346-427,37.5540504,127.0146526,10,954
서울특별시 중구 신당동 346-441,37.554295,127.0144898,11,954
서울특별시 중구 신당동 346-445,37.5542256,127.0141591,10,931
서울특별시 중구 신당동 346-447,37.554097,127.0140838,7,931
서울특별시 중구 신당동 346-449,37.5540483,127.0143006,5,954
서울특별시 중구 신당동 346-452,37.5539233,127.0143204,10,954
서울특별시 중구 신당동 346-453,37.5538839,127.0140323,19,931
서울특별시 중구 신당동 346-461,37.5537414,127.0144518,13,954
서울특별시 중구 신당동 346-462,37.5538486,127.0153026,8,954
서울특별시 중구 신당동 346-463,37.553269,127.0149605,16,955
서울특별시 중구 신당동 346-464,37.5534644,127.0148312,18,955
서울특별시 중구 신당동 346-470,37.5536547,127.0146385,15,955
서울특별시 중구 신당동 346-474,37.5534919,127.014566,11,955
서울특별시 중구 신당동 346-491,37.5531534,127.0147062,16,955
서울특별시 중구 신당동 346-493,37.553513,127.0151452,6,955
서울특별시 중구 신당동 346-493,37.553513,127.0151452,6,955
서울특별시 중구 신당동 346-493,37.553513,127.0151452,6,955
서울특별시 중구 신당동 346-494,37.5532328,127.014394,8,955
서울특별시 중구 신당동 346-501,37.5528792,127.0146804,4,955
서울특별시 중구 신당동 346-566,37.5534736,127.0153935,10,976
서울특별시 중구 신당동 346-567,37.5531631,127.0152211,10,955
서울특별시 중구 신당동 346-568,37.5529083,127.0150343,10,955
서울특별시 중구 신당동 347-275,37.5552748,127.0130248,17,906
서울특별시 중구 신당동 347-285,37.5553745,127.0128763,13,906
서울특별시 중구 신당동 347-328,37.5554023,127.0127526,15,906
서울특별시 중구 신당동 349-119,37.5529177,127.012808,9,908
서울특별시 중구 신당동 349-123,37.5535037,127.0125298,9,908
서울특별시 중구 신당동 349-130,37.5534174,127.0142772,13,955
서울특별시 중구 신당동 349-131,37.5532997,127.0142063,10,932
서울특별시 중구 신당동 349-134,37.5534584,127.0140119,11,932
서울특별시 중구 신당동 349-135,37.5533101,127.0139448,10,932
서울특별시 중구 신당동 349-136,37.5533629,127.0137868,11,932
서울특별시 중구 신당동 349-137,37.5535176,127.0138606,10,932
서울특별시 중구 신당동 349-138,37.5536334,127.0141431,15,932
서울특별시 중구 신당동 349-139,37.5536715,127.0139525,10,932
서울특별시 중구 신당동 349-141,37.5536475,127.0136664,9,932
서울특별시 중구 신당동 349-143,37.5534214,127.0135721,10,932
서울특별시 중구 신당동 349-144,37.5535289,127.0133817,17,932
서울특별시 중구 신당동 349-199,37.5532153,127.0132772,19,932
서울특별시 중구 신당동 349-200,37.5529826,127.0132463,19,932
서울특별시 중구 신당동 349-203,37.5534532,127.0127353,15,908
서울특별시 중구 신당동 349-204,37.5533317,127.0126418,8,908
서울특별시 중구 신당동 349-206,37.5532515,127.0128568,12,908
서울특별시 중구 신당동 349-207,37.5533944,127.0129262,15,908
서울특별시 중구 신당동 349-208,37.5533387,127.0130514,9,908
서울특별시 중구 신당동 349-210,37.5530644,127.0128943,12,908
서울특별시 중구 신당동 349-216,37.552718,127.0129566,20,909
서울특별시 중구 신당동 349-220,37.5528069,127.0131388,9,932
서울특별시 중구 신당동 349-220,37.5528069,127.0131388,9,932
서울특별시 중구 신당동 349-226,37.5530521,127.0136901,12,932
서울특별시 중구 신당동 349-228,37.5530168,127.0138841,12,932
서울특별시 중구 신당동 349-230,37.5528829,127.0138225,10,932
서울특별시 중구 신당동 349-231,37.5527615,127.0137438,12,933
서울특별시 중구 신당동 349-232,37.5526238,127.0136516,9,933
서울특별시 중구 신당동 349-233,37.5524998,127.0135831,15,933
서울특별시 중구 신당동 349-245,37.5524876,127.0129914,11,909
서울특별시 중구 신당동 349-450,37.5535876,127.0123216,13,908
서울특별시 중구 신당동 349-518,37.5531395,127.0134717,11,932
서울특별시 중구 신당동 349-90,37.5541615,127.0119948,10,907
서울특별시 중구 신당동 349-91,37.5541209,127.0120984,20,907
서울특별시 중구 신당동 349-94,37.5540446,127.0123416,14,907
서울특별시 중구 신당동 353-103,37.5523796,127.007952,7,802
서울특별시 중구 신당동 353-107,37.5522228,127.0073011,7,773
서울특별시 중구 신당동 353-108,37.5521706,127.0071026,4,773
서울특별시 중구 신당동 353-109,37.5521229,127.0072164,7,773
서울특별시 중구 신당동 353-110,37.5520402,127.0071292,7,773
서울특별시 중구 신당동 353-121,37.55135,127.0071293,9,774
서울특별시 중구 신당동 353-26,37.5511382,127.007234,18,774
서울특별시 중구 신당동 353-28,37.5524622,127.0080267,7,802
서울특별시 중구 신당동 353-30,37.552133,127.0077742,9,802
서울특별시 중구 신당동 353-33,37.5517535,127.0073277,18,774
서울특별시 중구 신당동 353-34,37.5515867,127.007314,12,774
서울특별시 중구 신당동 353-35,37.5514596,127.0072026,9,774
서울특별시 중구 신당동 353-44,37.5523318,127.0074083,7,773
서울특별시 중구 신당동 353-45,37.5522767,127.0071747,4,773
서울특별시 중구 신당동 353-58,37.552259,127.0078597,11,802
서울특별시 중구 신당동 354-16,37.552666,127.0077207,29,802
서울특별시 중구 신당동 355-22,37.5550344,127.0094957,6,828
서울특별시 중구 신당동 355-25,37.5550566,127.0092441,7,828
서울특별시 중구 신당동 363-1,37.5534614,127.0088714,5,830
서울특별시 중구 신당동 363-10,37.5533105,127.009042,17,830
서울특별시 중구 신당동 364-10,37.5531792,127.0086374,15,830
서울특별시 중구 신당동 366-121,37.5513242,127.0086722,16,832
서울특별시 중구 신당동 366-126,37.5488691,127.007736,146,806
서울특별시 중구 신당동 366-138,37.5497972,127.0079523,10,805
서울특별시 중구 신당동 366-148,37.5496546,127.0079259,8,805
서울특별시 중구 신당동 366-22,37.5527106,127.0094981,13,831
서울특별시 중구 신당동 366-314,37.5501366,127.0082352,13,804
서울특별시 중구 신당동 366-37,37.5517533,127.0089031,19,832
서울특별시 중구 신당동 366-381,37.5519524,127.0096621,5,831
서울특별시 중구 신당동 366-382,37.551831,127.0095833,8,832
서울특별시 중구 신당동 366-41,37.5520551,127.0093302,8,831
서울특별시 중구 신당동 366-42,37.5522573,127.0096999,1,831
서울특별시 중구 신당동 366-42,37.5522573,127.0096999,1,831
서울특별시 중구 신당동 366-42,37.5522573,127.0096999,1,831
서울특별시 중구 신당동 366-42,37.5522573,127.0096999,1,831
서울특별시 중구 신당동 366-42,37.5522573,127.0096999,1,831
서울특별시 중구 신당동 366-42,37.5522573,127.0096999,1,831
서울특별시 중구 신당동 366-42,37.5522573,127.0096999,1,831
서울특별시 중구 신당동 366-42,37.5522573,127.0096999,1,831
서울특별시 중구 신당동 366-449,37.5520381,127.0099914,9,859
서울특별시 중구 신당동 366-450,37.5518949,127.0099956,11,859
서울특별시 중구 신당동 366-543,37.5519541,127.0095353,10,831
서울특별시 중구 신당동 366-59,37.5517851,127.0093723,10,832
서울특별시 중구 신당동 366-64,37.5517218,127.0085855,10,803
서울특별시 중구 신당동 366-71,37.5521369,127.0099595,9,859
서울특별시 중구 신당동 366-73,37.5519987,127.0102319,18,859
서울특별시 중구 신당동 366-77,37.5520217,127.0086777,9,831
서울특별시 중구 신당동 367-12,37.5531929,127.0104911,12,858
서울특별시 중구 신당동 367-26,37.5530709,127.0103444,9,858
서울특별시 중구 신당동 372-13,37.5535768,127.011036,72,883
서울특별시 중구 신당동 372-2796,37.5536728,127.0108729,44,883
서울특별시 중구 신당동 372-435,37.5517082,127.0110562,16,885
서울특별시 중구 신당동 372-445,37.5516761,127.0116361,5,885
서울특별시 중구 신당동 372-45,37.5528427,127.0113864,12,883
서울특별시 중구 신당동 372-450,37.5516825,127.0112138,5,885
서울특별시 중구 신당동 372-55,37.5526614,127.0116853,19,884
서울특별시 중구 신당동 372-58,37.5525962,127.011436,10,884
서울특별시 중구 신당동 372-59,37.5526568,127.011244,10,884
서울특별시 중구 신당동 372-65,37.5523744,127.0119562,8,884
서울특별시 중구 신당동 372-66,37.5521688,127.0119317,13,884
서울특별시 중구 신당동 372-69,37.5520342,127.0116732,7,884
서울특별시 중구 신당동 372-71,37.5521892,127.0116847,19,884
서울특별시 중구 신당동 372-83,37.5520043,127.0113307,19,884
서울특별시 중구 신당동 373-114,37.5518024,127.0119683,12,885
서울특별시 중구 신당동 373-45,37.5540282,127.0112451,12,882
서울특별시 중구 신당동 377-103,37.5582983,127.0111502,17,877
서울특별시 중구 신당동 377-120,37.5570553,127.0108724,8,879
서울특별시 중구 신당동 377-124,37.5572106,127.0110242,6,879
서울특별시 중구 신당동 377-2,37.5584339,127.010982,9,877
서울특별시 중구 신당동 377-26,37.5577181,127.0109439,13,878
서울특별시 중구 신당동 377-33,37.5575562,127.0106484,6,853
서울특별시 중구 신당동 377-39,37.5572722,127.0104145,13,854
서울특별시 중구 신당동 377-46,37.557483,127.0098741,11,853
서울특별시 중구 신당동 377-93,37.5575456,127.0104584,8,853
서울특별시 중구 신당동 385-16,37.5580058,127.0090387,10,825
서울특별시 중구 신당동 386-92,37.5590451,127.0099485,7,852
서울특별시 중구 신당동 387-28,37.5614211,127.0110195,19,874
서울특별시 중구 신당동 387-9,37.560832,127.0123244,6,900
서울특별시 중구 신당동 393-10,37.5622873,127.0099803,8,848
서울특별시 중구 신당동 393-15,37.5624486,127.0099827,17,848
서울특별시 중구 신당동 393-17,37.562341,127.0097238,15,820
서울특별시 중구 신당동 393-25,37.5628508,127.0100147,10,847
서울특별시 중구 신당동 393-41,37.5627951,127.0096102,10,819
서울특별시 중구 신당동 395-33,37.5607328,127.0100552,8,850
서울특별시 중구 신당동 395-42,37.5610357,127.0104043,4,849
서울특별시 중구 신당동 398-9,37.5611701,127.0098762,16,849
서울특별시 중구 신당동 399-1,37.5617914,127.0095092,13,821
서울특별시 중구 신당동 399-24,37.5610589,127.0096196,9,821
서울특별시 중구 신당동 399-8,37.5608048,127.0095098,9,822
서울특별시 중구 신당동 399-8,37.5608048,127.0095098,9,822
서울특별시 중구 신당동 400-3,37.5603989,127.0100008,16,850
서울특별시 중구 신당동 401-3,37.5603396,127.0109874,20,875
서울특별시 중구 신당동 402-10,37.5602938,127.0113264,4,875
서울특별시 중구 신당동 402-11,37.5602852,127.0114793,9,875
서울특별시 중구 신당동 402-16,37.5603137,127.0116623,11,875
서울특별시 중구 신당동 403-64,37.5601069,127.0121438,16,900
서울특별시 중구 신당동 404-10,37.5596298,127.0105803,9,851
서울특별시 중구 신당동 404-12,37.5594709,127.0105393,7,851
서울특별시 중구 신당동 404-14,37.5593321,127.0101043,10,851
서울특별시 중구 신당동 404-19,37.5597986,127.0106154,11,851
서울특별시 중구 신당동 404-2,37.5600952,127.0116086,16,875
서울특별시 중구 신당동 404-22,37.5597133,127.0103256,10,851
서울특별시 중구 신당동 404-25,37.5593951,127.0104272,7,851
서울특별시 중구 신당동 404-28,37.559691,127.0104674,9,851
서울특별시 중구 신당동 405-1,37.5600954,127.0102266,20,850
서울특별시 중구 신당동 405-14,37.5600251,127.0098008,6,851
서울특별시 중구 신당동 405-6,37.5597788,127.0100871,21,851
서울특별시 중구 신당동 405-7,37.55964,127.0099667,20,851
서울특별시 중구 신당동 405-8,37.5595046,127.0098292,21,851
서울특별시 중구 신당동 405-9,37.5595496,127.0096181,10,823
서울특별시 중구 신당동 407-12,37.5582745,127.0087431,9,824
서울특별시 중구 신당동 407-17,37.5587612,127.0087514,10,824
서울특별시 중구 신당동 407-2,37.5582649,127.0095321,12,824
서울특별시 중구 신당동 407-3,37.5580101,127.0094438,10,825
서울특별시 중구 신당동 407-7,37.5586387,127.0090767,15,824
서울특별시 중구 신당동 409-12,37.5590118,127.0109167,10,877
서울특별시 중구 신당동 409-20,37.5588588,127.010183,4,852
서울특별시 중구 신당동 409-29,37.5589134,127.01036,7,852
서울특별시 중구 신당동 411-3,37.5587092,127.0111527,7,877
서울특별시 중구 신당동 411-9,37.5584499,127.0112784,13,877
서울특별시 중구 신당동 412-11,37.5586825,127.0106528,9,852
서울특별시 중구 신당동 412-2,37.5587546,127.0107673,9,852
서울특별시 중구 신당동 412-7,37.5587455,127.0109689,4,877
서울특별시 중구 신당동 413-1,37.5585689,127.0104279,9,852
서울특별시 중구 신당동 413-10,37.5584087,127.0098053,14,852
서울특별시 중구 신당동 413-2,37.5584263,127.0101808,15,852
서울특별시 중구 신당동 413-4,37.5584493,127.0105608,14,852
서울특별시 중구 신당동 413-8,37.5582023,127.0100095,9,853
서울특별시 중구 신당동 413-9,37.5582451,127.0097508,9,852
서울특별시 중구 신당동 414-1,37.5582961,127.0107801,9,852
서울특별시 중구 신당동 414-10,37.5580106,127.0105802,7,853
서울특별시 중구 신당동 414-11,37.5579105,127.0103483,7,853
서울특별시 중구 신당동 414-13,37.5578333,127.0098491,9,853
서울특별시 중구 신당동 414-14,37.5579137,127.0096601,9,825
서울특별시 중구 신당동 414-19,37.5579449,127.0104746,7,853
서울특별시 중구 신당동 414-2,37.5582117,127.0106024,11,853
서울특별시 중구 신당동 414-4,37.5580464,127.0102266,15,853
서울특별시 중구 신당동 414-5,37.5579702,127.0099503,14,853
서울특별시 중구 신당동 414-6,37.5580178,127.0098274,9,853
서울특별시 중구 신당동 414-8,37.5581943,127.0108811,16,878
서울특별시 중구 신당동 415-1,37.5578584,127.0108017,9,853
서울특별시 중구 신당동 415-17,37.557655,127.0097541,9,853
서울특별시 중구 신당동 415-4,37.5577577,127.0095354,8,825
서울특별시 중구 신당동 415-6,37.5576559,127.0101842,9,853
서울특별시 중구 신당동 415-7,37.5578087,127.0106802,6,853
서울특별시 중구 신당동 417-10,37.5571162,127.0099695,11,854
서울특별시 중구 신당동 418-2,37.5569663,127.0105759,14,854
서울특별시 중구 신당동 418-4,37.5566545,127.0108912,5,879
서울특별시 중구 신당동 419-6,37.5566835,127.0103838,10,854
서울특별시 중구 신당동 420-1,37.5569123,127.0099348,8,854
서울특별시 중구 신당동 420-16,37.5568173,127.0099995,9,854
서울특별시 중구 신당동 420-17,37.5567157,127.0098163,17,854
서울특별시 중구 신당동 420-23,37.5565401,127.0099273,17,854
서울특별시 중구 신당동 420-3,37.556596,127.0101552,13,854
서울특별시 중구 신당동 420-5,37.5568291,127.0098013,9,854
서울특별시 중구 신당동 420-9,37.5569304,127.0097297,8,854
서울특별시 중구 신당동 423-1,37.5564223,127.0102854,12,854
서울특별시 중구 신당동 423-13,37.556225,127.0103967,7,855
서울특별시 중구 신당동 423-2,37.556304,127.010356,8,855
서울특별시 중구 신당동 424-2,37.5565133,127.0104992,10,854
서울특별시 중구 신당동 424-4,37.5563698,127.0105724,10,855
서울특별시 중구 신당동 425-13,37.5561084,127.0106698,5,855
서울특별시 중구 신당동 425-14,37.5559824,127.0105832,9,855
서울특별시 중구 신당동 429-15,37.5556797,127.0081199,9,798
서울특별시 중구 신당동 429-17,37.5555817,127.007819,7,798
서울특별시 중구 신당동 429-2,37.5561523,127.0082823,9,798
서울특별시 중구 신당동 429-25,37.5555899,127.0079411,4,798
서울특별시 중구 신당동 429-5,37.5563362,127.0084021,9,798
서울특별시 중구 신당동 429-7,37.5557706,127.0083224,9,798
서울특별시 중구 신당동 431-17,37.5556975,127.0089561,9,827
서울특별시 중구 신당동 432-10,37.5547954,127.0083908,24,799
서울특별시 중구 신당동 432-106,37.553427,127.0085346,12,801
서울특별시 중구 신당동 432-1061,37.5505552,127.0061496,13,746
서울특별시 중구 신당동 432-1086,37.5498626,127.0056552,10,747
서울특별시 중구 신당동 432-1096,37.5543551,127.0077866,7,800
서울특별시 중구 신당동 432-1129,37.55342,127.0073814,9,772
서울특별시 중구 신당동 432-1130,37.553289,127.0073447,11,772
서울특별시 중구 신당동 432-1132,37.5530592,127.0073319,18,772
서울특별시 중구 신당동 432-1182,37.553769,127.0073043,9,771
서울특별시 중구 신당동 432-1182,37.553769,127.0073043,9,771
서울특별시 중구 신당동 432-1231,37.5532861,127.0046375,9,717
서울특별시 중구 신당동 432-1275,37.5516638,127.0054423,6,745
서울특별시 중구 신당동 432-1278,37.5541411,127.0068806,17,771
서울특별시 중구 신당동 432-1280,37.5541257,127.0063331,7,742
서울특별시 중구 신당동 432-1280,37.5541257,127.0063331,7,742
서울특별시 중구 신당동 432-13,37.5535218,127.0080195,13,801
서울특별시 중구 신당동 432-1305,37.5538148,127.0069676,17,771
서울특별시 중구 신당동 432-1310,37.5538967,127.0065342,7,771
서울특별시 중구 신당동 432-1311,37.5539023,127.0063406,4,742
서울특별시 중구 신당동 432-1314,37.5537115,127.0065774,9,771
서울특별시 중구 신당동 432-1325,37.5513497,127.0062421,4,745
서울특별시 중구 신당동 432-1356,37.5553391,127.0084379,7,799
서울특별시 중구 신당동 432-14,37.5534154,127.0078025,15,801
서울특별시 중구 신당동 432-1400,37.5551448,127.0083749,7,799
서울특별시 중구 신당동 432-1576,37.5515999,127.0055597,6,745
서울특별시 중구 신당동 432-1592,37.5527802,127.0048095,5,718
서울특별시 중구 신당동 432-1628,37.5489905,127.0066333,11,777
서울특별시 중구 신당동 432-1629,37.5489354,127.0069316,15,777
서울특별시 중구 신당동 432-1629,37.5489354,127.0069316,16,777
서울특별시 중구 신당동 432-1629,37.5489354,127.0069316,1,777
서울특별시 중구 신당동 432-1630,37.5486914,127.0069598,9,777
서울특별시 중구 신당동 432-1631,37.5487377,127.006683,9,777
서울특별시 중구 신당동 432-1632,37.5488292,127.0059915,16,748
서울특별시 중구 신당동 432-1633,37.5487003,127.0056605,13,748
서울특별시 중구 신당동 432-1638,37.5483161,127.0066931,13,777
서울특별시 중구 신당동 432-1639,37.5480736,127.0066748,40,778
서울특별시 중구 신당동 432-1643,37.5482998,127.006364,8,777
서울특별시 중구 신당동 432-1645,37.5483669,127.0059795,5,748
서울특별시 중구 신당동 432-1646,37.5483508,127.0057851,7,748
서울특별시 중구 신당동 432-1647,37.5483693,127.0055211,11,748
서울특별시 중구 신당동 432-1652,37.5497113,127.0054501,13,747
서울특별시 중구 신당동 432-1653,37.549596,127.0052468,19,747
서울특별시 중구 신당동 432-1655,37.5495214,127.0054719,20,747
서울특별시 중구 신당동 432-1657,37.5493355,127.0055468,5,747
서울특별시 중구 신당동 432-1659,37.5491254,127.005321,5,748
서울특별시 중구 신당동 432-1662,37.5496905,127.0046922,1,721
서울특별시 중구 신당동 432-1664,37.5494171,127.004964,11,721
서울특별시 중구 신당동 432-1665,37.5491856,127.0049716,11,721
서울특별시 중구 신당동 432-1666,37.5490655,127.0048419,10,722
서울특별시 중구 신당동 432-1667,37.5486021,127.0049103,19,722
서울특별시 중구 신당동 432-1669,37.5487128,127.0053253,10,748
서울특별시 중구 신당동 432-1676,37.5528063,127.0050129,8,717
서울특별시 중구 신당동 432-1692,37.5540898,127.0079565,13,800
서울특별시 중구 신당동 432-1692,37.5540898,127.0079565,13,800
서울특별시 중구 신당동 432-1692,37.5540898,127.0079565,13,800
서울특별시 중구 신당동 432-1695,37.5492595,127.0058296,9,747
서울특별시 중구 신당동 432-1773,37.5484167,127.0051527,4,722
서울특별시 중구 신당동 432-1779,37.5486546,127.006013,20,748
서울특별시 중구 신당동 432-1787,37.5512943,127.0057573,6,745
서울특별시 중구 신당동 432-1792,37.5498873,127.0052769,20,747
서울특별시 중구 신당동 432-1820,37.5536574,127.004971,9,717
서울특별시 중구 신당동 432-1825,37.5534676,127.0048988,9,717
서울특별시 중구 신당동 432-1826,37.55349,127.0049879,5,717
서울특별시 중구 신당동 432-1834,37.5536741,127.0051326,11,717
서울특별시 중구 신당동 432-1836,37.553738,127.0053355,13,742
서울특별시 중구 신당동 432-1839,37.5538273,127.005452,12,742
서울특별시 중구 신당동 432-1843,37.5539689,127.0056844,9,742
서울특별시 중구 신당동 432-1849,37.5541339,127.0053766,9,742
서울특별시 중구 신당동 432-1850,37.5540741,127.005228,7,742
서울특별시 중구 신당동 432-1852,37.5540149,127.005162,5,716
서울특별시 중구 신당동 432-1853,37.5538781,127.0051774,5,716
서울특별시 중구 신당동 432-1861,37.553769,127.0049548,5,716
서울특별시 중구 신당동 432-1863,37.5536871,127.0048597,5,717
서울특별시 중구 신당동 432-1864,37.5537567,127.0047818,9,716
서울특별시 중구 신당동 432-1870,37.5536496,127.0046904,5,717
서울특별시 중구 신당동 432-1879,37.552407,127.0046809,8,718
서울특별시 중구 신당동 432-1882,37.5522762,127.0046566,11,718
서울특별시 중구 신당동 432-1883,37.5521756,127.0045935,11,718
서울특별시 중구 신당동 432-1885,37.5520097,127.0044678,6,718
서울특별시 중구 신당동 432-1886,37.5519714,127.0043132,6,718
서울특별시 중구 신당동 432-1900,37.5518594,127.0048127,12,719
서울특별시 중구 신당동 432-1902,37.5517932,127.0046517,5,719
서울특별시 중구 신당동 432-1926,37.5513839,127.004733,10,719
서울특별시 중구 신당동 432-1928,37.5515217,127.0047289,9,719
서울특별시 중구 신당동 432-1931,37.5517007,127.0049053,6,719
서울특별시 중구 신당동 432-1932,37.551436,127.0050345,6,719
서울특별시 중구 신당동 432-1934,37.5515448,127.0051111,6,719
서울특별시 중구 신당동 432-1935,37.5516669,127.005062,20,719
서울특별시 중구 신당동 432-1939,37.5517639,127.0052429,11,745
서울특별시 중구 신당동 432-1940,37.5517593,127.005338,5,745
서울특별시 중구 신당동 432-1941,37.5517986,127.0054043,10,745
서울특별시 중구 신당동 432-1942,37.5518626,127.0056218,14,745
서울특별시 중구 신당동 432-1947,37.5514006,127.0055431,6,745
서울특별시 중구 신당동 432-1949,37.5516094,127.0052993,11,745
서울특별시 중구 신당동 432-1950,37.5514064,127.0053687,11,745
서울특별시 중구 신당동 432-1951,37.5512878,127.0054122,6,745
서울특별시 중구 신당동 432-1952,37.5513805,127.0051823,6,719
서울특별시 중구 신당동 432-1954,37.5512058,127.0053046,11,745
서울특별시 중구 신당동 432-1955,37.5511842,127.0054113,6,745
서울특별시 중구 신당동 432-1956,37.5510727,127.0053347,13,745
서울특별시 중구 신당동 432-1957,37.5509599,127.0052083,19,720
서울특별시 중구 신당동 432-1959,37.5509244,127.0050628,3,720
서울특별시 중구 신당동 432-1966,37.5513893,127.0056994,11,745
서울특별시 중구 신당동 432-1968,37.5512634,127.0056207,11,745
서울특별시 중구 신당동 432-1970,37.5510825,127.0055349,12,745
서울특별시 중구 신당동 432-1971,37.5509857,127.0054932,6,745
서울특별시 중구 신당동 432-1972,37.5508428,127.0054249,13,746
서울특별시 중구 신당동 432-1974,37.5507445,127.0051965,22,720
서울특별시 중구 신당동 432-1976,37.5506929,127.0050681,6,720
서울특별시 중구 신당동 432-1977,37.5506383,127.0052148,8,720
서울특별시 중구 신당동 432-1979,37.5505965,127.0053897,11,746
서울특별시 중구 신당동 432-1982,37.5506689,127.0055325,13,746
서울특별시 중구 신당동 432-1983,37.5507288,127.0053698,6,746
서울특별시 중구 신당동 432-1984,37.5507978,127.0055353,5,746
서울특별시 중구 신당동 432-1985,37.5507204,127.0056529,11,746
서울특별시 중구 신당동 432-2000,37.5505335,127.0057187,13,746
서울특별시 중구 신당동 432-2001,37.5505484,127.005989,7,746
서울특별시 중구 신당동 432-2003,37.5502811,127.0058081,11,746
서울특별시 중구 신당동 432-2004,37.5508122,127.0053178,5,746
서울특별시 중구 신당동 432-2006,37.5503425,127.0057235,13,746
서울특별시 중구 신당동 432-2008,37.5504805,127.0055214,13,746
서울특별시 중구 신당동 432-2011,37.5504384,127.0053341,11,746
서울특별시 중구 신당동 432-2013,37.5503328,127.005426,7,746
서울특별시 중구 신당동 432-2023,37.5502488,127.0051906,11,720
서울특별시 중구 신당동 432-2027,37.550284,127.0048755,11,720
서울특별시 중구 신당동 432-2028,37.550223,127.0050155,11,720
서울특별시 중구 신당동 432-2029,37.5502092,127.0048742,5,720
서울특별시 중구 신당동 432-2030,37.5503039,127.0046727,11,720
서울특별시 중구 신당동 432-2032,37.5501857,127.0045452,4,720
서울특별시 중구 신당동 432-2036,37.5503622,127.0059224,6,746
서울특별시 중구 신당동 432-2040,37.5502667,127.0056046,6,746
서울특별시 중구 신당동 432-2041,37.5501981,127.0056971,7,746
서울특별시 중구 신당동 432-2047,37.5502267,127.0059854,6,746
서울특별시 중구 신당동 432-2048,37.5501119,127.005945,7,746
서울특별시 중구 신당동 432-2050,37.5499992,127.0059307,8,747
서울특별시 중구 신당동 432-2051,37.5498991,127.0059229,6,747
서울특별시 중구 신당동 432-2054,37.5499342,127.0060311,5,747
서울특별시 중구 신당동 432-2056,37.5500117,127.0054982,20,747
서울특별시 중구 신당동 432-2060,37.5500793,127.005392,6,746
서울특별시 중구 신당동 432-2062,37.5501593,127.0053604,8,746
서울특별시 중구 신당동 432-2064,37.5500986,127.0052152,11,720
서울특별시 중구 신당동 432-2162,37.5482793,127.0061719,17,748
서울특별시 중구 신당동 432-2163,37.5481393,127.0063503,9,778
서울특별시 중구 신당동 432-2164,37.5480271,127.0061798,19,749
서울특별시 중구 신당동 432-2176,37.5492824,127.0068455,11,776
서울특별시 중구 신당동 432-2190,37.5493932,127.0064118,4,776
서울특별시 중구 신당동 432-2191,37.5494657,127.0067842,10,776
서울특별시 중구 신당동 432-2199,37.5492416,127.0055243,4,747
서울특별시 중구 신당동 432-2201,37.5530848,127.0075896,7,801
서울특별시 중구 신당동 432-2211,37.549981,127.0050629,20,721
서울특별시 중구 신당동 432-2218,37.5496159,127.0054627,3,747
서울특별시 중구 신당동 432-2256,37.553105,127.0078519,7,801
서울특별시 중구 신당동 432-2261,37.549994,127.0061774,10,747
서울특별시 중구 신당동 432-2283,37.554122,127.0092169,7,829
서울특별시 중구 신당동 432-2285,37.55226,127.0054151,7,744
서울특별시 중구 신당동 432-2285,37.55226,127.0054151,7,744
서울특별시 중구 신당동 432-2323,37.5524051,127.0044569,10,718
서울특별시 중구 신당동 432-2338,37.5539025,127.006688,8,771
서울특별시 중구 신당동 432-2343,37.5511651,127.0056107,6,745
서울특별시 중구 신당동 432-2374,37.5528163,127.0051304,10,717
서울특별시 중구 신당동 432-2375,37.5485573,127.0052674,5,748
서울특별시 중구 신당동 432-2663,37.5512596,127.0047415,6,719
서울특별시 중구 신당동 432-2780,37.5505817,127.0052326,6,746
서울특별시 중구 신당동 432-2787,37.5520789,127.004554,5,718
서울특별시 중구 신당동 432-2809,37.5504104,127.0056468,11,746
서울특별시 중구 신당동 432-2837,37.5487798,127.0063248,16,748
서울특별시 중구 신당동 432-349,37.5540609,127.0056956,9,742
서울특별시 중구 신당동 432-353,37.5540581,127.0054716,12,742
서울특별시 중구 신당동 432-358,37.5539337,127.0053544,7,742
서울특별시 중구 신당동 432-384,37.5538512,127.0049831,5,716
서울특별시 중구 신당동 432-397,37.5534482,127.0046343,10,717
서울특별시 중구 신당동 432-398,37.5534023,127.004739,5,717
서울특별시 중구 신당동 432-404,37.5531713,127.00481,9,717
서울특별시 중구 신당동 432-408,37.5530712,127.0046891,5,717
서울특별시 중구 신당동 432-410,37.5530322,127.0047665,10,717
서울특별시 중구 신당동 432-412,37.5528628,127.0047643,8,717
서울특별시 중구 신당동 432-413,37.5528258,127.0048678,5,717
서울특별시 중구 신당동 432-416,37.5529069,127.0049787,10,717
서울특별시 중구 신당동 432-418,37.5527478,127.0052366,11,744
서울특별시 중구 신당동 432-419,37.5526618,127.0053,9,744
서울특별시 중구 신당동 432-424,37.5524918,127.0049039,10,718
서울특별시 중구 신당동 432-425,37.5525512,127.004791,11,718
서울특별시 중구 신당동 432-425,37.5525512,127.004791,5,718
서울특별시 중구 신당동 432-427,37.5526687,127.0048325,10,718
서울특별시 중구 신당동 432-428,37.5526646,127.0046684,6,718
서울특별시 중구 신당동 432-429,37.5527717,127.0046512,5,718
서울특별시 중구 신당동 432-433,37.5528275,127.0045339,12,717
서울특별시 중구 신당동 432-438,37.5526054,127.0045877,7,718
서울특별시 중구 신당동 432-457,37.5523501,127.0052985,7,744
서울특별시 중구 신당동 432-457,37.5523501,127.0052985,7,744
서울특별시 중구 신당동 432-466,37.5521298,127.0059986,10,744
서울특별시 중구 신당동 432-467,37.5521485,127.0061828,9,744
서울특별시 중구 신당동 432-476,37.5516975,127.0063404,6,745
서울특별시 중구 신당동 432-478,37.5516086,127.0063744,11,774
서울특별시 중구 신당동 432-479,37.5514907,127.0062945,16,745
서울특별시 중구 신당동 432-482,37.5513235,127.0064405,6,774
서울특별시 중구 신당동 432-483,37.5511335,127.0064588,20,774
서울특별시 중구 신당동 432-486,37.5509272,127.0063529,16,775
서울특별시 중구 신당동 432-487,37.5508228,127.0062672,6,746
서울특별시 중구 신당동 432-488,37.5507385,127.0062004,6,746
서울특별시 중구 신당동 432-492,37.5506009,127.0058038,11,746
서울특별시 중구 신당동 432-495,37.5506398,127.0060376,16,746
서울특별시 중구 신당동 432-497,37.5508657,127.0061138,10,746
서울특별시 중구 신당동 432-498,37.5510244,127.006123,20,745
서울특별시 중구 신당동 432-501,37.551033,127.0059656,9,745
서울특별시 중구 신당동 432-502,37.5510275,127.0058491,13,745
서울특별시 중구 신당동 432-503,37.5511759,127.0060293,4,745
서울특별시 중구 신당동 432-504,37.5511571,127.0061586,6,745
서울특별시 중구 신당동 432-507,37.5511055,127.0063358,11,745
서울특별시 중구 신당동 432-508,37.5512472,127.0063656,11,774
서울특별시 중구 신당동 432-509,37.5512501,127.0061823,6,745
서울특별시 중구 신당동 432-510,37.5512403,127.0060896,6,745
서울특별시 중구 신당동 432-513,37.551608,127.0062001,18,745
서울특별시 중구 신당동 432-515,37.5517621,127.0062026,10,745
서울특별시 중구 신당동 432-516,37.5518429,127.0061653,5,745
서울특별시 중구 신당동 432-520,37.5518675,127.0058855,6,745
서울특별시 중구 신당동 432-521,37.5511511,127.0058678,13,745
서울특별시 중구 신당동 432-549,37.5518789,127.0052006,8,719
서울특별시 중구 신당동 432-550,37.5518965,127.0053634,11,744
서울특별시 중구 신당동 432-552,37.5518876,127.0054902,7,744
서울특별시 중구 신당동 432-555,37.5516394,127.005652,11,745
서울특별시 중구 신당동 432-556,37.5516907,127.005537,6,745
서울특별시 중구 신당동 432-557,37.5515684,127.0054583,11,745
서울특별시 중구 신당동 432-562,37.5511041,127.0052154,6,719
서울특별시 중구 신당동 432-567,37.5504722,127.0050699,17,720
서울특별시 중구 신당동 432-569,37.5508462,127.0046519,4,720
서울특별시 중구 신당동 432-570,37.5508789,127.0047918,5,720
서울특별시 중구 신당동 432-572,37.5510608,127.0050972,11,719
서울특별시 중구 신당동 432-574,37.5511824,127.0050933,6,719
서울특별시 중구 신당동 432-579,37.5514823,127.0052874,17,745
서울특별시 중구 신당동 432-592,37.5513616,127.0048702,13,719
서울특별시 중구 신당동 432-594,37.5511644,127.0048808,9,719
서울특별시 중구 신당동 432-6,37.5542438,127.0092288,7,829
서울특별시 중구 신당동 432-604,37.551719,127.0047297,11,719
서울특별시 중구 신당동 432-655,37.5518052,127.0067159,8,774
서울특별시 중구 신당동 432-657,37.5518175,127.0064758,16,774
서울특별시 중구 신당동 432-665,37.5514737,127.0065211,9,774
서울특별시 중구 신당동 432-669,37.5515255,127.0069957,8,774
서울특별시 중구 신당동 432-671,37.5515172,127.0066574,11,774
서울특별시 중구 신당동 432-676,37.5512779,127.006698,20,774
서울특별시 중구 신당동 432-677,37.5513271,127.0068727,21,774
서울특별시 중구 신당동 432-711,37.5504345,127.0071268,6,775
서울특별시 중구 신당동 432-713,37.5503364,127.0071382,6,775
서울특별시 중구 신당동 432-72,37.5543805,127.007483,7,800
서울특별시 중구 신당동 432-722,37.5499807,127.006954,13,776
서울특별시 중구 신당동 432-724,37.5498798,127.0068478,16,776
서울특별시 중구 신당동 432-73,37.554086,127.0073907,17,771
서울특별시 중구 신당동 432-743,37.5498383,127.0065145,6,776
서울특별시 중구 신당동 432-779,37.5545593,127.0089236,9,829
서울특별시 중구 신당동 432-78,37.5539623,127.008549,7,800
서울특별시 중구 신당동 432-804,37.5524055,127.0051461,7,718
서울특별시 중구 신당동 432-806,37.5519179,127.0065197,8,773
서울특별시 중구 신당동 432-810,37.5538433,127.0077911,13,800
서울특별시 중구 신당동 432-811,37.5536972,127.0075531,7,800
서울특별시 중구 신당동 432-871,37.551232,127.0065933,11,774
서울특별시 중구 신당동 432-873,37.5510572,127.0065922,11,774
서울특별시 중구 신당동 432-884,37.5516926,127.0060791,6,745
서울특별시 중구 신당동 432-886,37.5517311,127.0059518,6,745
서울특별시 중구 신당동 432-892,37.5515916,127.0059684,6,745
서울특별시 중구 신당동 432-896,37.5514357,127.0060745,11,745
서울특별시 중구 신당동 432-9,37.5549522,127.0082869,13,799
서울특별시 중구 신당동 432-904,37.5512839,127.0059079,17,745
서울특별시 중구 신당동 432-91,37.5537459,127.0089559,11,829
서울특별시 중구 신당동 432-921,37.5509032,127.0057523,20,746
서울특별시 중구 신당동 432-922,37.5508589,127.0059464,20,746
서울특별시 중구 신당동 432-932,37.5509153,127.0053707,7,746
서울특별시 중구 신당동 432-958,37.5503382,127.0055312,6,746
서울특별시 중구 신당동 432-970,37.5505727,127.0064153,19,775
서울특별시 중구 신당동 432-980,37.550879,127.0065188,11,775
서울특별시 중구 신당동 432-986,37.5507135,127.0064372,13,775
서울특별시 중구 신당동 432-990,37.5505741,127.0065783,4,775
서울특별시 중구 신당동 49-2,37.5455764,127.0063017,5,751
서울특별시 중구 신당동 52-112,37.5627982,127.0194837,9,1024
서울특별시 중구 신당동 52-114,37.5626598,127.0195229,8,1025
서울특별시 중구 신당동 52-33,37.5621263,127.0188553,26,1025
서울특별시 중구 신당동 52-383,37.5626924,127.0196493,8,1025
서울특별시 중구 신당동 52-384,37.5627359,127.0197879,8,1025
서울특별시 중구 신당동 52-405,37.5577297,127.0207669,11,1047
서울특별시 중구 신당동 52-406,37.5577297,127.0207669,17,1047
서울특별시 중구 신당동 52-54,37.5634713,127.0172009,15,986
서울특별시 중구 신당동 52-61,37.5628253,127.019703,9,1024
서울특별시 중구 신당동 52-75,37.5622553,127.0202922,8,1042
서울특별시 중구 신당동 52-8,37.5608198,127.019186,21,1027
서울특별시 중구 신당동 52-80,37.5622358,127.0200005,17,1042
서울특별시 중구 신당동 52-81,37.5620724,127.0200705,17,1042
서울특별시 중구 신당동 57-336,37.5452483,127.005867,6,752
서울특별시 중구 신당동 62-112,37.5613567,127.0204704,8,1043
서울특별시 중구 신당동 62-26,37.5618342,127.019931,16,1043
서울특별시 중구 신당동 62-40,37.5615159,127.0201118,17,1043
서울특별시 중구 신당동 62-41,37.5616892,127.0200393,18,1043
서울특별시 중구 신당동 62-42,37.5615671,127.0196595,18,1026
서울특별시 중구 신당동 62-57,37.5613785,127.0206071,9,1043
서울특별시 중구 신당동 620,37.5642418,127.0260288,17,1102
서울특별시 중구 신당동 630,37.5641668,127.0256744,10,1102
서울특별시 중구 신당동 67-105,37.5628165,127.0205996,15,1041
서울특별시 중구 신당동 67-129,37.5622664,127.02054,13,1042
서울특별시 중구 신당동 67-166,37.5624283,127.0210517,11,1059
서울특별시 중구 신당동 67-168,37.5621706,127.0211547,11,1059
서울특별시 중구 신당동 67-302,37.5627775,127.0208887,20,1041
서울특별시 중구 신당동 67-34,37.5625484,127.0209743,13,1042
서울특별시 중구 신당동 67-36,37.5622873,127.0211102,10,1059
서울특별시 중구 신당동 67-90,37.5624108,127.0204555,9,1042
서울특별시 중구 신당동 80-566,37.5621133,127.0227209,6,1076
서울특별시 중구 신당동 80-601,37.5623163,127.0225371,11,1076
서울특별시 중구 신당동 80-75,37.5622893,127.0216682,7,1059
서울특별시 중구 신당동 80-80,37.5626674,127.0214131,9,1059
서울특별시 중구 신당동 821-17,37.5567068,127.0082172,4,797
서울특별시 중구 신당동 821-6,37.5567687,127.0082945,4,797
서울특별시 중구 신당동 822-10,37.5557397,127.0071152,3,769
서울특별시 중구 신당동 822-16,37.5555304,127.0070727,4,769
서울특별시 중구 신당동 822-18,37.5557738,127.0069891,5,769
서울특별시 중구 신당동 822-19,37.5558871,127.0070657,3,769
서울특별시 중구 신당동 822-21,37.5560903,127.0072271,3,769
서울특별시 중구 신당동 822-5,37.5560006,127.0072759,3,769
서울특별시 중구 신당동 822-6,37.555918,127.0072079,3,769
서울특별시 중구 신당동 823-1,37.5556164,127.0069109,1,769
서울특별시 중구 신당동 823-10,37.5553312,127.0065355,3,770
서울특별시 중구 신당동 823-11,37.5554146,127.0064835,3,770
서울특별시 중구 신당동 823-12,37.5555179,127.0065534,3,769
서울특별시 중구 신당동 823-3,37.555513,127.006721,7,769
서울특별시 중구 신당동 823-6,37.5554361,127.0068985,3,770
서울특별시 중구 신당동 823-9,37.5553278,127.0066668,3,770
서울특별시 중구 신당동 824,37.5553637,127.007402,4,770
서울특별시 중구 신당동 826-11,37.5549428,127.0068462,3,770
서울특별시 중구 신당동 826-17,37.5547509,127.0069642,3,770
서울특별시 중구 신당동 826-18,37.5547523,127.0068012,3,770
서울특별시 중구 신당동 826-21,37.5547646,127.0066562,3,770
서울특별시 중구 신당동 826-22,37.5547457,127.0065557,5,770
서울특별시 중구 신당동 826-3,37.5550722,127.0062752,3,741
서울특별시 중구 신당동 826-5,37.5550679,127.0065073,5,770
서울특별시 중구 신당동 826-9,37.5549942,127.0066351,5,770
서울특별시 중구 신당동 829-5,37.5541687,127.0058764,9,742
서울특별시 중구 신당동 840,37.5600233,127.0215778,61,1062
서울특별시 중구 신당동 840,37.5600233,127.0215778,61,1062
서울특별시 중구 신당동 840,37.5600233,127.0215778,196,1062
서울특별시 중구 신당동 840,37.5600233,127.0215778,97,1062
서울특별시 중구 신당동 840,37.5600233,127.0215778,136,1062
서울특별시 중구 신당동 840,37.5600233,127.0215778,61,1062
서울특별시 중구 신당동 840,37.5600233,127.0215778,121,1062
서울특별시 중구 신당동 840,37.5600233,127.0215778,61,1062
서울특별시 중구 신당동 840,37.5600233,127.0215778,61,1062
서울특별시 중구 신당동 840,37.5600233,127.0215778,118,1062
서울특별시 중구 신당동 840,37.5600233,127.0215778,76,1062
서울특별시 중구 신당동 841,37.5577971,127.01619,5,971
서울특별시 중구 신당동 841-1,37.5577181,127.0163326,9,971
서울특별시 중구 신당동 841-10,37.5572432,127.015791,5,972
서울특별시 중구 신당동 841-11,37.5573966,127.0159169,9,971
서울특별시 중구 신당동 841-12,37.5575225,127.0160012,9,971
서울특별시 중구 신당동 841-13,37.5576422,127.0160913,9,971
서울특별시 중구 신당동 841-14,37.5576024,127.0161813,9,971
서울특별시 중구 신당동 841-2,37.557657,127.016459,5,971
서울특별시 중구 신당동 841-5,37.5573482,127.0160613,9,971
서울특별시 중구 신당동 841-6,37.5572385,127.0160865,9,972
서울특별시 중구 신당동 841-7,37.5572263,127.0159214,9,972
서울특별시 중구 신당동 842,37.5547032,127.0146066,121,953
서울특별시 중구 신당동 842,37.5547032,127.0146066,109,953
서울특별시 중구 신당동 842,37.5547032,127.0146066,35,953
서울특별시 중구 신당동 842,37.5547032,127.0146066,96,953
서울특별시 중구 신당동 842,37.5547032,127.0146066,137,953
서울특별시 중구 신당동 842,37.5547032,127.0146066,197,953
서울특별시 중구 신당동 842,37.5547032,127.0146066,109,953
서울특별시 중구 신당동 842,37.5547032,127.0146066,2,953
서울특별시 중구 신당동 842,37.5547032,127.0146066,69,953
서울특별시 중구 신당동 842,37.5547032,127.0146066,145,953
서울특별시 중구 신당동 842,37.5547032,127.0146066,181,953
서울특별시 중구 신당동 842,37.5547032,127.0146066,65,953
서울특별시 중구 신당동 842,37.5547032,127.0146066,253,953
서울특별시 중구 신당동 842,37.5547032,127.0146066,41,953
서울특별시 중구 신당동 842,37.5547032,127.0146066,41,953
서울특별시 중구 신당동 842,37.5547032,127.0146066,137,953
서울특별시 중구 신당동 842,37.5547032,127.0146066,252,953
서울특별시 중구 신당동 842,37.5547032,127.0146066,69,953
서울특별시 중구 신당동 842,37.5547032,127.0146066,121,953
서울특별시 중구 신당동 842,37.5547032,127.0146066,57,953
서울특별시 중구 신당동 842,37.5547032,127.0146066,161,953
서울특별시 중구 신당동 843,37.5581633,127.0179679,77,1012
서울특별시 중구 신당동 843,37.5581633,127.0179679,8,1012
서울특별시 중구 신당동 843,37.5581633,127.0179679,85,1012
서울특별시 중구 신당동 843,37.5581633,127.0179679,39,1012
서울특별시 중구 신당동 843,37.5581633,127.0179679,81,1012
서울특별시 중구 신당동 843,37.5581633,127.0179679,41,1012
서울특별시 중구 신당동 843,37.5581633,127.0179679,32,1012
서울특별시 중구 신당동 843,37.5581633,127.0179679,61,1012
서울특별시 중구 신당동 843,37.5581633,127.0179679,81,1012
서울특별시 중구 신당동 843,37.5581633,127.0179679,89,1012
서울특별시 중구 신당동 843,37.5581633,127.0179679,33,1012
서울특별시 중구 신당동 843,37.5581633,127.0179679,75,1012
서울특별시 중구 신당동 843,37.5581633,127.0179679,93,1012
서울특별시 중구 신당동 843,37.5581633,127.0179679,89,1012
서울특별시 중구 신당동 843,37.5581633,127.0179679,91,1012
서울특별시 중구 신당동 843,37.5581633,127.0179679,73,1012
서울특별시 중구 신당동 843-1,37.5595842,127.0181733,143,1010
서울특별시 중구 신당동 843-1,37.5595842,127.0181733,147,1010
서울특별시 중구 신당동 843-1,37.5595842,127.0181733,153,1010
서울특별시 중구 신당동 844,37.5491389,127.0093824,235,835
서울특별시 중구 신당동 844,37.5491389,127.0093824,163,835
서울특별시 중구 신당동 844,37.5491389,127.0093824,343,835
서울특별시 중구 신당동 844,37.5491389,127.0093824,73,835
서울특별시 중구 신당동 844,37.5491389,127.0093824,37,835
서울특별시 중구 신당동 844,37.5491389,127.0093824,199,835
서울특별시 중구 신당동 844,37.5491389,127.0093824,73,835
서울특별시 중구 신당동 844,37.5491389,127.0093824,145,835
서울특별시 중구 신당동 844,37.5491389,127.0093824,69,835
서울특별시 중구 신당동 844,37.5491389,127.0093824,73,835
서울특별시 중구 신당동 844,37.5491389,127.0093824,253,835
서울특별시 중구 신당동 844,37.5491389,127.0093824,109,835
서울특별시 중구 신당동 844,37.5491389,127.0093824,125,835
서울특별시 중구 신당동 844,37.5491389,127.0093824,199,835
서울특별시 중구 신당동 844,37.5491389,127.0093824,109,835
서울특별시 중구 신당동 844,37.5491389,127.0093824,73,835
서울특별시 중구 신당동 844,37.5491389,127.0093824,37,835
서울특별시 중구 신당동 844,37.5491389,127.0093824,109,835
서울특별시 중구 신당동 844,37.5491389,127.0093824,37,835
서울특별시 중구 신당동 844,37.5491389,127.0093824,199,835
서울특별시 중구 신당동 844,37.5491389,127.0093824,23,835
서울특별시 중구 신당동 844,37.5491389,127.0093824,343,835
서울특별시 중구 신당동 844,37.5491389,127.0093824,73,835
서울특별시 중구 신당동 844,37.5491389,127.0093824,73,835
서울특별시 중구 신당동 844,37.5491389,127.0093824,37,835
서울특별시 중구 신당동 844,37.5491389,127.0093824,37,835
서울특별시 중구 신당동 844,37.5491389,127.0093824,85,835
서울특별시 중구 신당동 844,37.5491389,127.0093824,325,835
서울특별시 중구 신당동 844,37.5491389,127.0093824,343,835
서울특별시 중구 신당동 844,37.5491389,127.0093824,109,835
서울특별시 중구 신당동 844,37.5491389,127.0093824,37,835
서울특별시 중구 신당동 844,37.5491389,127.0093824,163,835
서울특별시 중구 신당동 844,37.5491389,127.0093824,73,835
서울특별시 중구 신당동 844,37.5491389,127.0093824,73,835
서울특별시 중구 신당동 844,37.5491389,127.0093824,137,835
서울특별시 중구 신당동 844,37.5491389,127.0093824,37,835
서울특별시 중구 신당동 844,37.5491389,127.0093824,73,835
서울특별시 중구 신당동 844,37.5491389,127.0093824,55,835
서울특별시 중구 신당동 844,37.5491389,127.0093824,109,835
서울특별시 중구 신당동 844,37.5491389,127.0093824,109,835
서울특별시 중구 신당동 844,37.5491389,127.0093824,37,835
서울특별시 중구 신당동 844,37.5491389,127.0093824,181,835
서울특별시 중구 신당동 846,37.5619894,127.0172464,146,987
서울특별시 중구 신당동 849,37.5627767,127.0168976,64,986
서울특별시 중구 신당동 850,37.559205,127.0194912,1,1028
서울특별시 중구 신당동 850,37.559205,127.0194912,81,1028
서울특별시 중구 신당동 850,37.559205,127.0194912,14,1028
서울특별시 중구 신당동 850,37.559205,127.0194912,37,1028
서울특별시 중구 신당동 850,37.559205,127.0194912,1,1028
서울특별시 중구 신당동 850,37.559205,127.0194912,1,1028
서울특별시 중구 신당동 850,37.559205,127.0194912,1,1028
서울특별시 중구 신당동 850,37.559205,127.0194912,43,1028
서울특별시 중구 신당동 850,37.559205,127.0194912,93,1028
서울특별시 중구 신당동 850,37.559205,127.0194912,1,1028
서울특별시 중구 신당동 850,37.559205,127.0194912,1,1028
서울특별시 중구 신당동 850,37.559205,127.0194912,39,1028
서울특별시 중구 신당동 850,37.559205,127.0194912,1,1028
서울특별시 중구 신당동 850,37.559205,127.0194912,1,1028
서울특별시 중구 신당동 850,37.559205,127.0194912,37,1028
서울특별시 중구 신당동 850,37.559205,127.0194912,93,1028
서울특별시 중구 신당동 850,37.559205,127.0194912,1,1028
서울특별시 중구 신당동 850,37.559205,127.0194912,33,1028
서울특별시 중구 신당동 850,37.559205,127.0194912,1,1028
서울특별시 중구 신당동 851,37.5615738,127.0194523,1,1026
서울특별시 중구 신당동 851,37.5615738,127.0194523,1,1026
서울특별시 중구 신당동 851,37.5615738,127.0194523,1,1026
서울특별시 중구 신당동 851,37.5615738,127.0194523,1,1026
서울특별시 중구 신당동 851,37.5615738,127.0194523,1,1026
서울특별시 중구 신당동 851,37.5615738,127.0194523,29,1026
서울특별시 중구 신당동 851,37.5615738,127.0194523,1,1026
서울특별시 중구 신당동 851,37.5615738,127.0194523,89,1026
서울특별시 중구 신당동 851,37.5615738,127.0194523,59,1026
서울특별시 중구 신당동 851,37.5615738,127.0194523,41,1026
서울특별시 중구 신당동 851,37.5615738,127.0194523,31,1026
서울특별시 중구 신당동 851,37.5615738,127.0194523,74,1026
서울특별시 중구 신당동 851,37.5615738,127.0194523,54,1026
서울특별시 중구 신당동 851,37.5615738,127.0194523,57,1026
서울특별시 중구 신당동 851,37.5615738,127.0194523,30,1026
서울특별시 중구 신당동 851,37.5615738,127.0194523,60,1026
서울특별시 중구 신당동 851,37.5615738,127.0194523,60,1026
서울특별시 중구 신당동 851,37.5615738,127.0194523,58,1026
서울특별시 중구 신당동 851,37.5615738,127.0194523,1,1026
서울특별시 중구 신당동 851,37.5615738,127.0194523,53,1026
서울특별시 중구 신당동 851,37.5615738,127.0194523,28,1026
서울특별시 중구 신당동 851,37.5615738,127.0194523,1,1026
서울특별시 중구 신당동 851,37.5615738,127.0194523,76,1026
서울특별시 중구 신당동 851-1,37.5615738,127.0194523,162,1026
서울특별시 중구 신당동 851-1,37.5615738,127.0194523,1,1026
서울특별시 중구 신당동 851-1,37.5615738,127.0194523,1,1026
서울특별시 중구 신당동 851-1,37.5615738,127.0194523,1,1026
서울특별시 중구 신당동 851-1,37.5615738,127.0194523,1,1026
서울특별시 중구 신당동 851-1,37.5615738,127.0194523,1,1026
서울특별시 중구 신당동 851-1,37.5615738,127.0194523,1,1026
서울특별시 중구 신당동 852,37.5615738,127.0194523,30,1026
서울특별시 중구 신당동 852,37.5615738,127.0194523,31,1026
서울특별시 중구 신당동 852,37.5615738,127.0194523,1,1026
서울특별시 중구 신당동 852,37.5615738,127.0194523,1,1026
서울특별시 중구 신당동 852,37.5615738,127.0194523,70,1026
서울특별시 중구 신당동 852,37.5615738,127.0194523,1,1026
서울특별시 중구 신당동 852,37.5615738,127.0194523,70,1026
서울특별시 중구 신당동 852,37.5615738,127.0194523,1,1026
서울특별시 중구 신당동 852,37.5615738,127.0194523,57,1026
서울특별시 중구 신당동 852,37.5615738,127.0194523,1,1026
서울특별시 중구 신당동 852,37.5615738,127.0194523,71,1026
서울특별시 중구 신당동 852,37.5615738,127.0194523,30,1026
서울특별시 중구 신당동 852,37.5615738,127.0194523,56,1026
서울특별시 중구 신당동 852,37.5615738,127.0194523,72,1026
서울특별시 중구 신당동 852,37.5615738,127.0194523,73,1026
서울특별시 중구 신당동 852,37.5615738,127.0194523,1,1026
서울특별시 중구 신당동 852,37.5615738,127.0194523,67,1026
서울특별시 중구 신당동 852,37.5615738,127.0194523,39,1026
서울특별시 중구 신당동 852,37.5615738,127.0194523,1,1026
서울특별시 중구 신당동 852,37.5615738,127.0194523,84,1026
서울특별시 중구 신당동 852,37.5615738,127.0194523,1,1026
서울특별시 중구 신당동 852,37.5615738,127.0194523,1,1026
서울특별시 중구 신당동 852-1,37.5615738,127.0194523,1,1026
서울특별시 중구 신당동 852-1,37.5615738,127.0194523,1,1026
서울특별시 중구 신당동 852-1,37.5615738,127.0194523,1,1026
서울특별시 중구 신당동 852-1,37.5615738,127.0194523,72,1026
서울특별시 중구 신당동 852-1,37.5615738,127.0194523,1,1026
서울특별시 중구 신당동 852-1,37.5615738,127.0194523,1,1026
서울특별시 중구 신당동 852-1,37.5615738,127.0194523,1,1026
서울특별시 중구 신당동 852-1,37.5615738,127.0194523,88,1026
서울특별시 중구 신당동 855,37.5615738,127.0194523,1,1026
서울특별시 중구 신당동 855,37.5615738,127.0194523,126,1026
서울특별시 중구 신당동 855,37.5615738,127.0194523,1,1026
서울특별시 중구 신당동 855,37.5615738,127.0194523,1,1026
서울특별시 중구 신당동 855,37.5615738,127.0194523,1,1026
서울특별시 중구 신당동 855,37.5615738,127.0194523,1,1026
서울특별시 중구 신당동 855,37.5615738,127.0194523,126,1026
서울특별시 중구 신당동 855,37.5615738,127.0194523,1,1026
서울특별시 중구 신당동 855,37.5615738,127.0194523,1,1026
서울특별시 중구 신당동 855,37.5615738,127.0194523,129,1026
서울특별시 중구 신당동 855,37.5615738,127.0194523,1,1026
서울특별시 중구 신당동 855,37.5615738,127.0194523,1,1026
서울특별시 중구 신당동 855,37.5615738,127.0194523,1,1026
서울특별시 중구 신당동 855,37.5615738,127.0194523,106,1026
서울특별시 중구 신당동 855,37.5615738,127.0194523,1,1026
서울특별시 중구 신당동 855,37.5615738,127.0194523,141,1026
서울특별시 중구 신당동 855,37.5615738,127.0194523,1,1026
서울특별시 중구 신당동 855,37.5615738,127.0194523,96,1026
서울특별시 중구 신당동 855,37.5615738,127.0194523,1,1026
서울특별시 중구 신당동 856,37.5615738,127.0194523,1,1026
서울특별시 중구 신당동 856,37.5615738,127.0194523,1,1026
서울특별시 중구 신당동 856,37.5615738,127.0194523,1,1026
서울특별시 중구 신당동 856,37.5615738,127.0194523,46,1026
서울특별시 중구 신당동 856,37.5615738,127.0194523,1,1026
서울특별시 중구 신당동 856,37.5615738,127.0194523,1,1026
서울특별시 중구 신당동 856,37.5615738,127.0194523,1,1026
서울특별시 중구 신당동 856,37.5615738,127.0194523,1,1026
서울특별시 중구 신당동 856,37.5615738,127.0194523,1,1026
서울특별시 중구 신당동 856,37.5615738,127.0194523,57,1026
서울특별시 중구 신당동 856,37.5615738,127.0194523,1,1026
서울특별시 중구 신당동 856,37.5615738,127.0194523,1,1026
서울특별시 중구 신당동 856,37.5615738,127.0194523,1,1026
서울특별시 중구 신당동 856,37.5615738,127.0194523,1,1026
서울특별시 중구 신당동 856,37.5615738,127.0194523,1,1026
서울특별시 중구 신당동 856,37.5615738,127.0194523,76,1026
서울특별시 중구 신당동 856,37.5615738,127.0194523,1,1026
서울특별시 중구 신당동 857,37.5615738,127.0194523,154,1026
서울특별시 중구 쌍림동 117-1,37.5627616,127.0033819,12,683
서울특별시 중구 쌍림동 151-108,37.5629146,127.0040012,15,683
서울특별시 중구 쌍림동 151-32,37.5626771,127.0040429,3,684
서울특별시 중구 쌍림동 151-70,37.5625104,127.0036138,7,684
서울특별시 중구 쌍림동 151-82,37.5625913,127.0036999,7,684
서울특별시 중구 쌍림동 179,37.562813,127.0044508,9,706
서울특별시 중구 쌍림동 182,37.5626605,127.0057138,3,733
서울특별시 중구 쌍림동 182,37.5626605,127.0057138,3,733
서울특별시 중구 쌍림동 182,37.5626605,127.0057138,3,733
서울특별시 중구 쌍림동 35-2,37.5635752,127.0043943,1,706
서울특별시 중구 예장동 1-127,37.5557456,126.9947152,8,501
서울특별시 중구 예장동 1-140,37.555814,126.994488,6,501
서울특별시 중구 예장동 1-155,37.5554296,126.9941015,17,502
서울특별시 중구 예장동 1-157,37.5551276,126.9941893,13,502
서울특별시 중구 예장동 1-165,37.5547655,126.9947409,8,502
서울특별시 중구 예장동 1-170,37.555337,126.9942375,17,502
서울특별시 중구 예장동 8-33,37.5592898,126.9883282,1,391
서울특별시 중구 예장동 8-77,37.5577335,126.9855695,5,336
서울특별시 중구 예장동 9,37.5597063,126.9915053,75,431
서울특별시 중구 오장동 101-21,37.564266,127.0013176,1,636
서울특별시 중구 오장동 145-1,37.5652064,127.001391,158,635
서울특별시 중구 오장동 90-24,37.5642041,126.9992142,89,590
서울특별시 중구 을지로3가 154,37.5666426,126.9932093,3,466
서울특별시 중구 을지로4가 315,37.5660926,126.9949622,3,490
서울특별시 중구 을지로5가 131,37.5659365,127.0035456,3,680
서울특별시 중구 을지로5가 39-1,37.5671416,127.0027496,81,656
서울특별시 중구 을지로6가 1-3,37.5691621,127.0055628,13,725
서울특별시 중구 을지로6가 18-79,37.5674232,127.0059029,1,727
서울특별시 중구 을지로6가 18-79,37.5674232,127.0059029,1,727
서울특별시 중구 의주로2가 61-7,37.5592643,126.9697425,4,80
서울특별시 중구 인현동1가 133,37.5634018,126.9937702,3,470
서울특별시 중구 인현동1가 72,37.5647621,126.9946846,4,491
서울특별시 중구 인현동2가 128-9,37.5648302,126.9962288,4,541
서울특별시 중구 인현동2가 189,37.5630277,126.9953316,3,518
서울특별시 중구 인현동2가 191,37.5633089,126.9952316,3,518
서울특별시 중구 인현동2가 192-30,37.5634956,126.9957894,201,518
서울특별시 중구 인현동2가 210-2,37.5635374,126.9951991,3,518
서울특별시 중구 인현동2가 226-1,37.5629907,126.9945862,5,493
서울특별시 중구 장충동1가 104,37.5599542,127.0074769,20,794
서울특별시 중구 장충동1가 105-1,37.5597102,127.0068486,19,765
서울특별시 중구 장충동1가 106-1,37.5594385,127.0072235,16,765
서울특별시 중구 장충동1가 107-1,37.5593994,127.0076122,6,794
서울특별시 중구 장충동1가 35-43,37.5613405,127.0083912,9,792
서울특별시 중구 장충동1가 35-7,37.5614253,127.0082905,9,792
서울특별시 중구 장충동1가 38-12,37.5625836,127.0081382,17,791
서울특별시 중구 장충동1가 38-15,37.5626083,127.0082873,9,791
서울특별시 중구 장충동1가 38-29,37.5622787,127.0089538,7,820
서울특별시 중구 장충동1가 38-50,37.5624706,127.0093734,4,820
서울특별시 중구 장충동1가 38-67,37.5628612,127.0091147,10,819
서울특별시 중구 장충동1가 38-7,37.5629134,127.0086715,5,819
서울특별시 중구 장충동1가 38-91,37.562382,127.0093441,4,820
서울특별시 중구 장충동1가 38-95,37.5624889,127.008342,9,791
서울특별시 중구 장충동1가 38-96,37.5623098,127.008358,22,791
서울특별시 중구 장충동1가 44-10,37.5610627,127.0083542,11,792
서울특별시 중구 장충동1가 44-16,37.5609865,127.0085125,18,792
서울특별시 중구 장충동1가 44-3,37.5612476,127.0088011,11,821
서울특별시 중구 장충동1가 44-6,37.5610803,127.0089538,7,821
서울특별시 중구 장충동1가 44-9,37.5611799,127.0084726,8,792
서울특별시 중구 장충동1가 47-7,37.560787,127.0087879,9,822
서울특별시 중구 장충동1가 48-11,37.5607375,127.0080427,17,793
서울특별시 중구 장충동1가 48-12,37.5608055,127.0078811,13,793
서울특별시 중구 장충동1가 48-13,37.5608999,127.0077508,16,793
서울특별시 중구 장충동1가 48-30,37.5609124,127.008166,10,793
서울특별시 중구 장충동1가 48-32,37.5607731,127.0084214,15,793
서울특별시 중구 장충동1가 48-4,37.5611339,127.0078156,16,792
서울특별시 중구 장충동1가 49-10,37.5607237,127.0086518,8,822
서울특별시 중구 장충동1가 49-3,37.5605561,127.0084333,21,793
서울특별시 중구 장충동1가 50-1,37.5603204,127.0080471,18,793
서울특별시 중구 장충동1가 50-13,37.5601818,127.0086047,11,822
서울특별시 중구 장충동1가 50-14,37.5600473,127.0085781,8,793
서울특별시 중구 장충동1가 50-19,37.5598869,127.0085825,7,794
서울특별시 중구 장충동1가 50-3,37.5602172,127.0089585,1,822
서울특별시 중구 장충동1가 50-7,37.5606357,127.0091159,1,822
서울특별시 중구 장충동1가 51-6,37.560491,127.007978,13,793
서울특별시 중구 장충동1가 52-10,37.5607007,127.0072067,9,764
서울특별시 중구 장충동1가 52-14,37.5603086,127.0077167,9,793
서울특별시 중구 장충동1가 52-19,37.5602786,127.007373,9,764
서울특별시 중구 장충동1가 52-22,37.5604663,127.0070842,7,764
서울특별시 중구 장충동1가 52-6,37.5605658,127.0075515,8,793
서울특별시 중구 장충동1가 56-23,37.5611801,127.0063515,1,763
서울특별시 중구 장충동1가 56-59,37.5609773,127.0062398,1,734
서울특별시 중구 장충동1가 56-65,37.5610097,127.0064465,1,763
서울특별시 중구 장충동2가 112-2,37.5622114,127.0052308,4,733
서울특별시 중구 장충동2가 112-30,37.5617786,127.0051935,4,708
서울특별시 중구 장충동2가 149,37.5617688,127.0043606,3,708
서울특별시 중구 장충동2가 186-161,37.5612533,127.0035955,18,685
서울특별시 중구 장충동2가 186-205,37.5605338,127.0033232,13,686
서울특별시 중구 장충동2가 186-26,37.5605014,127.0037572,12,686
서울특별시 중구 장충동2가 186-32,37.5605595,127.0034893,13,686
서울특별시 중구 장충동2가 190-30,37.5587298,127.0028821,36,665
서울특별시 중구 장충동2가 191-8,37.5595573,127.0032423,13,687
서울특별시 중구 장충동2가 192-107,37.5590292,126.998233,3,572
서울특별시 중구 장충동2가 192-108,37.5590425,126.9981016,1,572
서울특별시 중구 장충동2가 192-108,37.5590425,126.9981016,1,572
서울특별시 중구 장충동2가 192-108,37.5590425,126.9981016,1,572
서울특별시 중구 장충동2가 192-108,37.5590425,126.9981016,1,572
서울특별시 중구 장충동2가 192-109,37.5590262,126.9979897,5,572
서울특별시 중구 장충동2가 192-11,37.554784,126.9956381,16,527
서울특별시 중구 장충동2가 192-114,37.5586916,126.9980576,3,572
서울특별시 중구 장충동2가 192-134,37.5543218,126.9958582,1,528
서울특별시 중구 장충동2가 192-134,37.5543218,126.9958582,19,528
서울특별시 중구 장충동2가 192-15,37.5540861,126.9968517,4,553
서울특별시 중구 장충동2가 193-102,37.5585951,127.0018686,12,665
서울특별시 중구 장충동2가 193-105,37.5584069,127.0016731,10,642
서울특별시 중구 장충동2가 193-106,37.5583442,127.0017226,4,642
서울특별시 중구 장충동2가 193-109,37.5584516,127.001531,13,642
서울특별시 중구 장충동2가 193-111,37.5586933,127.0016591,10,642
서울특별시 중구 장충동2가 193-112,37.5589466,127.0015708,6,642
서울특별시 중구 장충동2가 193-115,37.5589529,127.0013523,11,642
서울특별시 중구 장충동2가 193-116,37.5588471,127.0014159,5,642
서울특별시 중구 장충동2가 193-118,37.5587587,127.0013979,6,642
서울특별시 중구 장충동2가 193-119,37.558659,127.0014332,11,642
서울특별시 중구 장충동2가 193-120,37.5584999,127.0013753,14,642
서울특별시 중구 장충동2가 193-121,37.5584394,127.0012595,16,642
서울특별시 중구 장충동2가 193-122,37.5585472,127.0012207,20,642
서울특별시 중구 장충동2가 193-125,37.5588596,127.0011849,14,642
서울특별시 중구 장충동2가 193-126,37.558728,127.0011855,20,642
서울특별시 중구 장충동2가 193-127,37.5586066,127.0011034,9,642
서울특별시 중구 장충동2가 193-130,37.55856,127.0009206,20,642
서울특별시 중구 장충동2가 193-132,37.5586427,127.0010044,20,642
서울특별시 중구 장충동2가 193-133,37.558756,127.0010799,20,642
서울특별시 중구 장충동2가 193-134,37.558854,127.0010616,16,642
서울특별시 중구 장충동2가 193-135,37.5589517,127.001101,19,642
서울특별시 중구 장충동2가 193-136,37.5589451,127.0009562,11,642
서울특별시 중구 장충동2가 193-138,37.5587955,127.0009571,11,642
서울특별시 중구 장충동2가 193-139,37.5586412,127.0008267,15,642
서울특별시 중구 장충동2가 193-141,37.5586607,127.0006839,22,619
서울특별시 중구 장충동2가 193-142,37.5588011,127.0007714,11,642
서울특별시 중구 장충동2가 193-143,37.5589026,127.0008323,6,642
서울특별시 중구 장충동2가 193-144,37.5589955,127.0008492,14,642
서울특별시 중구 장충동2가 193-145,37.5590837,127.0009408,6,642
서울특별시 중구 장충동2가 193-146,37.5591409,127.001,10,641
서울특별시 중구 장충동2가 193-148,37.5591679,127.0012079,19,641
서울특별시 중구 장충동2가 193-151,37.5593587,127.0011759,11,641
서울특별시 중구 장충동2가 193-153,37.5593493,127.0010267,11,641
서울특별시 중구 장충동2가 193-154,37.5594035,127.0010395,5,641
서울특별시 중구 장충동2가 193-155,37.5593725,127.0008962,10,641
서울특별시 중구 장충동2가 193-157,37.5591559,127.0008538,9,641
서울특별시 중구 장충동2가 193-158,37.5590944,127.0008184,8,642
서울특별시 중구 장충동2가 193-159,37.5590117,127.000738,21,642
서울특별시 중구 장충동2가 193-160,37.5589012,127.0006727,14,619
서울특별시 중구 장충동2가 193-161,37.5588117,127.0006354,7,619
서울특별시 중구 장충동2가 193-163,37.55876,127.0004946,8,619
서울특별시 중구 장충동2가 193-165,37.5590091,127.0006475,20,619
서울특별시 중구 장충동2가 193-166,37.5591446,127.0006819,5,618
서울특별시 중구 장충동2가 193-167,37.5592209,127.0007545,17,641
서울특별시 중구 장충동2가 193-168,37.5592275,127.0006842,14,618
서울특별시 중구 장충동2가 193-169,37.5593574,127.0007096,22,618
서울특별시 중구 장충동2가 193-171,37.5594844,127.0005982,13,618
서울특별시 중구 장충동2가 193-172,37.5593935,127.000502,9,618
서울특별시 중구 장충동2가 193-173,37.5592763,127.0004923,13,618
서울특별시 중구 장충동2가 193-175,37.5591861,127.000481,14,618
서울특별시 중구 장충동2가 193-176,37.5591149,127.0004809,6,619
서울특별시 중구 장충동2가 193-177,37.5590386,127.0005102,10,619
서울특별시 중구 장충동2가 193-178,37.5589765,127.0005201,6,619
서울특별시 중구 장충동2가 193-179,37.5588911,127.0005484,13,619
서울특별시 중구 장충동2가 193-184,37.5590632,127.0012931,19,642
서울특별시 중구 장충동2가 193-193,37.5586937,127.0012822,12,642
서울특별시 중구 장충동2가 193-198,37.5592839,127.0010728,14,641
서울특별시 중구 장충동2가 193-20,37.5592234,127.0019044,11,664
서울특별시 중구 장충동2가 193-204,37.5589056,127.0007689,8,642
서울특별시 중구 장충동2가 193-207,37.5592673,127.0009146,10,641
서울특별시 중구 장충동2가 193-208,37.5585019,127.0010821,20,642
서울특별시 중구 장충동2가 193-209,37.559279,127.0013479,24,641
서울특별시 중구 장충동2가 193-222,37.559153,127.0009342,5,641
서울특별시 중구 장충동2가 193-229,37.5589644,127.0012242,12,642
서울특별시 중구 장충동2가 193-239,37.5588891,127.0026479,5,665
서울특별시 중구 장충동2가 193-240,37.5588802,127.0025519,9,665
서울특별시 중구 장충동2가 193-243,37.5587991,127.0023458,13,665
서울특별시 중구 장충동2가 193-245,37.5587726,127.0025182,21,665
서울특별시 중구 장충동2가 193-246,37.5587027,127.0024524,17,665
서울특별시 중구 장충동2가 193-248,37.5585835,127.0025275,20,665
서울특별시 중구 장충동2가 193-249,37.5585205,127.0026438,9,665
서울특별시 중구 장충동2가 193-250,37.5584747,127.002229,20,665
서울특별시 중구 장충동2가 193-252,37.5588783,127.0009503,5,642
서울특별시 중구 장충동2가 193-259,37.5593533,127.0012824,6,641
서울특별시 중구 장충동2가 193-265,37.5586388,127.0023513,5,665
서울특별시 중구 장충동2가 193-266,37.5585614,127.0023637,16,665
서울특별시 중구 장충동2가 193-29,37.5592132,127.0016623,50,641
서울특별시 중구 장충동2가 193-31,37.5590821,127.0016029,11,642
서울특별시 중구 장충동2가 193-37,37.5598128,127.0006379,14,618
서울특별시 중구 장충동2가 193-41,37.5596644,127.0014254,20,641
서울특별시 중구 장충동2가 193-45,37.5595439,127.0012346,4,641
서울특별시 중구 장충동2가 193-465,37.5591034,127.000189,13,619
서울특별시 중구 장충동2가 193-466,37.559017,127.0000905,23,619
서울특별시 중구 장충동2가 193-467,37.5589054,127.0003139,19,619
서울특별시 중구 장충동2가 193-469,37.5590026,127.0015825,10,642
서울특별시 중구 장충동2가 193-477,37.5590762,127.0011265,19,642
서울특별시 중구 장충동2가 193-479,37.5588481,127.000361,19,619
서울특별시 중구 장충동2가 193-481,37.558953,127.0001921,20,619
서울특별시 중구 장충동2가 193-482,37.5584667,127.0023525,19,665
서울특별시 중구 장충동2가 193-483,37.5583749,127.0022541,22,665
서울특별시 중구 장충동2가 193-49,37.5595472,127.0010897,11,641
서울특별시 중구 장충동2가 193-50,37.5596569,127.0005325,10,618
서울특별시 중구 장충동2가 193-58,37.5598866,127.0020223,4,664
서울특별시 중구 장충동2가 193-69,37.5591619,127.0013427,9,641
서울특별시 중구 장충동2가 193-72,37.5588591,127.0017712,13,642
서울특별시 중구 장충동2가 193-73,37.5588283,127.0018565,7,665
서울특별시 중구 장충동2가 193-74,37.5587958,127.0019497,8,665
서울특별시 중구 장충동2가 193-76,37.5585794,127.0017194,10,642
서울특별시 중구 장충동2가 193-78,37.5585882,127.0015926,11,642
서울특별시 중구 장충동2가 193-84,37.5587408,127.0022719,14,665
서울특별시 중구 장충동2가 193-86,37.5586888,127.0021945,7,665
서울특별시 중구 장충동2가 193-87,37.5586027,127.0021311,18,665
서울특별시 중구 장충동2가 193-88,37.5584414,127.0020212,10,665
서울특별시 중구 장충동2가 193-89,37.5583462,127.0020564,17,665
서울특별시 중구 장충동2가 193-90,37.5582386,127.0021247,11,665
서울특별시 중구 장충동2가 193-91,37.5582635,127.001984,7,665
서울특별시 중구 장충동2가 193-92,37.5582952,127.0018964,6,665
서울특별시 중구 장충동2가 193-94,37.5584085,127.0018587,10,665
서울특별시 중구 장충동2가 193-95,37.5585835,127.0019956,19,665
서울특별시 중구 장충동2가 211,37.5603277,127.0045292,97,709
서울특별시 중구 장충동2가 36-1,37.5614082,127.0046517,8,708
서울특별시 중구 장충동2가 40-1,37.5612673,127.0051471,13,708
서울특별시 중구 저동1가 13,37.5634725,126.9884369,3,387
서울특별시 중구 정동 18-1,37.5672207,126.9702895,38,72
서울특별시 중구 정동 37,37.5642629,126.9746757,169,142
서울특별시 중구 주교동 230,37.5678847,126.9993019,13,586
서울특별시 중구 주교동 230,37.5678847,126.9993019,26,586
서울특별시 중구 주교동 230-2,37.5677503,126.9992935,9,586
서울특별시 중구 주교동 264,37.5675926,126.9999318,4,609
서울특별시 중구 주교동 290,37.5682061,126.9999122,3,608
서울특별시 중구 주교동 298-3,37.5682702,127.0003529,3,608
서울특별시 중구 주교동 314-1,37.5680299,127.0011281,3,632
서울특별시 중구 주교동 43,37.5686417,126.9997423,5,608
서울특별시 중구 주교동 43-3,37.5687614,126.9999467,4,608
서울특별시 중구 주교동 88,37.5685511,126.9988402,3,585
서울특별시 중구 중림동 1018,37.5602695,126.9720807,1,111
서울특별시 중구 중림동 1153,37.5598711,126.966591,99,36
서울특별시 중구 중림동 1153,37.5598711,126.966591,1,36
서울특별시 중구 중림동 1154,37.5547582,126.9644988,277,21
서울특별시 중구 중림동 147-11,37.5579877,126.9674987,1,50
서울특별시 중구 중림동 148-1,37.5583366,126.9677214,9,49
서울특별시 중구 중림동 149,37.5595241,126.9672059,95,48
서울특별시 중구 중림동 149,37.5595241,126.9672059,9,48
서울특별시 중구 중림동 149-23,37.5592327,126.9682908,3,64
서울특별시 중구 중림동 151-3,37.55881,126.9664303,5,37
서울특별시 중구 중림동 200,37.5581419,126.9652488,67,28
서울특별시 중구 중림동 200,37.5581419,126.9652488,32,28
서울특별시 중구 중림동 200,37.5581419,126.9652488,73,28
서울특별시 중구 중림동 200,37.5581419,126.9652488,73,28
서울특별시 중구 중림동 200,37.5581419,126.9652488,37,28
서울특별시 중구 중림동 200,37.5581419,126.9652488,37,28
서울특별시 중구 중림동 200,37.5581419,126.9652488,30,28
서울특별시 중구 중림동 200,37.5581419,126.9652488,37,28
서울특별시 중구 중림동 200,37.5581419,126.9652488,73,28
서울특별시 중구 중림동 200,37.5581419,126.9652488,2,28
서울특별시 중구 중림동 200,37.5581419,126.9652488,91,28
서울특별시 중구 중림동 200,37.5581419,126.9652488,55,28
서울특별시 중구 중림동 200,37.5581419,126.9652488,21,28
서울특별시 중구 중림동 200,37.5581419,126.9652488,37,28
서울특별시 중구 중림동 200,37.5581419,126.9652488,73,28
서울특별시 중구 중림동 200,37.5581419,126.9652488,71,28
서울특별시 중구 중림동 201,37.5571198,126.9645941,180,19
서울특별시 중구 중림동 201,37.5571198,126.9645941,177,19
서울특별시 중구 중림동 324-11,37.5574236,126.9660454,8,38
서울특별시 중구 중림동 324-12,37.5574045,126.9662324,10,38
서울특별시 중구 중림동 324-35,37.5573269,126.9660184,8,38
서울특별시 중구 중림동 324-37,37.5575834,126.9664914,6,38
서울특별시 중구 중림동 324-4,37.5576277,126.9670317,9,50
서울특별시 중구 중림동 324-6,37.5576127,126.9666471,17,38
서울특별시 중구 중림동 324-7,37.557613,126.96638,8,38
서울특별시 중구 중림동 324-8,37.557602,126.9662534,10,38
서울특별시 중구 중림동 324-9,37.5576237,126.9660516,13,38
서울특별시 중구 중림동 392-1,37.5574988,126.963217,9,8
서울특별시 중구 중림동 392-2,37.557484,126.9633836,9,8
서울특별시 중구 중림동 392-3,37.557477,126.9635116,5,8
서울특별시 중구 중림동 392-4,37.5574527,126.963615,5,18
서울특별시 중구 중림동 392-5,37.5574311,126.9637194,5,18
서울특별시 중구 중림동 392-8,37.5572754,126.9638449,5,19
서울특별시 중구 중림동 393-5,37.5574923,126.9640151,5,18
서울특별시 중구 중림동 393-8,37.5576598,126.9637977,5,18
서울특별시 중구 중림동 393-9,37.5577593,126.9638495,5,18
서울특별시 중구 중림동 394-3,37.5578807,126.9637132,5,18
서울특별시 중구 중림동 394-4,37.557766,126.9635846,7,18
서울특별시 중구 중림동 394-6,37.5576092,126.9635754,5,18
서울특별시 중구 중림동 395-10,37.5579766,126.9631493,9,8
서울특별시 중구 중림동 395-2,37.5580081,126.9633435,10,8
서울특별시 중구 중림동 395-3,37.5578431,126.9633323,9,8
서울특별시 중구 중림동 395-4,37.5577347,126.9632998,5,8
서울특별시 중구 중림동 395-7,37.5576546,126.9631051,6,8
서울특별시 중구 중림동 395-9,37.5578434,126.9631625,8,8
서울특별시 중구 중림동 396-1,37.5583665,126.9635287,6,7
서울특별시 중구 중림동 396-15,37.5582094,126.963695,11,18
서울특별시 중구 중림동 396-19,37.5582233,126.9635375,6,17
서울특별시 중구 중림동 396-3,37.5583404,126.9637373,7,17
서울특별시 중구 중림동 396-4,37.5583143,126.9638407,5,17
서울특별시 중구 중림동 396-5,37.5582974,126.9639677,4,17
서울특별시 중구 중림동 396-6,37.5583309,126.9640872,6,17
서울특별시 중구 중림동 397-12,37.5584538,126.9639214,5,17
서울특별시 중구 중림동 397-13,37.5584974,126.9637589,5,17
서울특별시 중구 중림동 398-11,37.5586421,126.9635079,10,7
서울특별시 중구 중림동 398-17,37.5582141,126.963309,7,8
서울특별시 중구 중림동 398-22,37.5583662,126.9628768,4,7
서울특별시 중구 중림동 398-25,37.5587149,126.9628799,23,7
서울특별시 중구 중림동 398-3,37.5588023,126.9630768,10,7
서울특별시 중구 중림동 398-4,37.5587964,126.963233,7,7
서울특별시 중구 중림동 399-1,37.5581511,126.9627032,8,8
서울특별시 중구 중림동 399-2,37.558233,126.9627892,8,7
서울특별시 중구 중림동 399-3,37.5581656,126.9629169,5,8
서울특별시 중구 중림동 400-1,37.5584456,126.962174,8,1
서울특별시 중구 중림동 400-10,37.5586502,126.9622854,1,1
서울특별시 중구 중림동 400-17,37.5587133,126.9625947,7,7
서울특별시 중구 중림동 400-18,37.5585129,126.9626563,4,7
서울특별시 중구 중림동 400-19,37.5584965,126.9625287,4,7
서울특별시 중구 중림동 400-2,37.5586045,126.9623144,5,1
서울특별시 중구 중림동 400-2,37.5586045,126.9623144,4,1
서울특별시 중구 중림동 400-2,37.5586045,126.9623144,4,1
서울특별시 중구 중림동 400-23,37.558334,126.9623906,5,1
서울특별시 중구 중림동 400-24,37.5583776,126.962536,9,7
서울특별시 중구 중림동 400-26,37.558263,126.9625127,6,7
서울특별시 중구 중림동 400-3,37.5586484,126.9621768,9,1
서울특별시 중구 중림동 401-5,37.558512,126.961932,21,1
서울특별시 중구 중림동 498,37.5602894,126.9667222,14,35
서울특별시 중구 중림동 61-1,37.5590924,126.9685327,4,65
서울특별시 중구 충무로3가 33-3,37.5628867,126.9932746,3,470
서울특별시 중구 충무로4가 120-3,37.5623885,126.9959209,851,519
서울특별시 중구 충무로4가 133-2,37.5619987,126.9948078,3,494
서울특별시 중구 충무로4가 151-9,37.5623926,126.9937646,3,471
서울특별시 중구 충무로4가 28,37.5624453,126.9955092,3,519
서울특별시 중구 충무로4가 306,37.5624711,126.9977964,274,568
서울특별시 중구 충무로5가 36-2,37.5633134,127.0000094,172,614
서울특별시 중구 충무로5가 82-1,37.5615758,126.9979465,5,569
서울특별시 중구 충무로5가 90,37.5633775,127.0003222,121,614
서울특별시 중구 필동1가 28,37.5604934,126.9925168,3,451
서울특별시 중구 필동1가 51-11,37.5613186,126.9935549,59,472
서울특별시 중구 필동2가 104-1,37.5586007,126.9953051,7,523
서울특별시 중구 필동2가 105-5,37.5583314,126.9956426,3,523
서울특별시 중구 필동2가 128-12,37.5552809,126.9949444,9,502
서울특별시 중구 필동2가 134-2,37.5544074,126.9951101,18,528
서울특별시 중구 필동2가 134-4,37.5551046,126.9950917,13,527
서울특별시 중구 필동2가 65-4,37.5607933,126.9966271,1,546
서울특별시 중구 필동2가 74-3,37.5599983,126.9964849,1,547
서울특별시 중구 필동2가 84-10,37.5561376,126.9943942,21,501
서울특별시 중구 필동2가 84-19,37.5560632,126.9938055,4,478
서울특별시 중구 필동2가 84-19,37.5560632,126.9938055,4,478
서울특별시 중구 필동2가 84-19,37.5560632,126.9938055,7,478
서울특별시 중구 필동2가 84-19,37.5560632,126.9938055,4,478
서울특별시 중구 필동2가 90-1,37.5594979,126.9959189,1,522
서울특별시 중구 필동3가 21-7,37.5601789,126.9972691,8,546
서울특별시 중구 필동3가 28-24,37.5588513,126.9976604,1,572
서울특별시 중구 필동3가 28-9,37.5596971,126.9971975,25,547
서울특별시 중구 필동3가 31,37.5596623,126.9961759,4,522
서울특별시 중구 필동3가 39-30,37.5584011,126.9970541,17,548
서울특별시 중구 필동3가 39-31,37.5584011,126.9970541,21,548
서울특별시 중구 필동3가 39-7,37.5585902,126.9973595,21,572
서울특별시 중구 필동3가 55-13,37.5577343,126.9963093,7,549
서울특별시 중구 필동3가 55-14,37.557722,126.9961363,7,524
서울특별시 중구 필동3가 55-15,37.5576246,126.9961274,7,524
서울특별시 중구 필동3가 55-16,37.5576133,126.9962758,7,549
서울특별시 중구 필동3가 55-17,37.5578633,126.9962283,7,549
서울특별시 중구 필동3가 55-18,37.5578527,126.9963485,7,549
서울특별시 중구 필동3가 57,37.5575263,126.995899,3,524
서울특별시 중구 필동3가 62-16,37.5560447,126.9958634,33,526
서울특별시 중구 필동3가 63,37.5563973,126.9954829,3,526
서울특별시 중구 필동3가 64,37.5561246,126.9956258,3,526
서울특별시 중구 필동3가 72-10,37.5553039,126.9957466,13,527
서울특별시 중구 필동3가 79-35,37.5546485,126.9959217,7,527
서울특별시 중구 황학동 1005,37.5672512,127.0215546,11,1054
서울특별시 중구 황학동 1085,37.5676116,127.0229649,1,1070
서울특별시 중구 황학동 1200,37.5676941,127.0213858,43,1053
서울특별시 중구 황학동 1448,37.5687505,127.022847,16,1069
서울특별시 중구 황학동 1519,37.5699286,127.0218196,9,1051
서울특별시 중구 황학동 1524,37.5700802,127.0214101,16,1050
서울특별시 중구 황학동 1526,37.5699845,127.0214906,10,1051
서울특별시 중구 황학동 1530,37.5699181,127.0213137,9,1051
서울특별시 중구 황학동 1544,37.5692263,127.0215537,7,1051
서울특별시 중구 황학동 1570,37.569103,127.0225503,10,1068
서울특별시 중구 황학동 1572,37.5694281,127.022528,41,1068
서울특별시 중구 황학동 1665,37.5696954,127.022812,11,1068
서울특별시 중구 황학동 1729,37.5698097,127.0222558,22,1068
서울특별시 중구 황학동 1743,37.5702504,127.0212878,41,1050
서울특별시 중구 황학동 1747,37.5700534,127.0211104,9,1050
서울특별시 중구 황학동 1775,37.5703975,127.0204426,9,1033
서울특별시 중구 황학동 1978,37.5701337,127.0198245,5,1016
서울특별시 중구 황학동 2015,37.56982,127.0206765,37,1034
서울특별시 중구 황학동 2033,37.5696474,127.0207229,46,1034
서울특별시 중구 황학동 2523,37.5659102,127.0217363,264,1055
서울특별시 중구 황학동 2545,37.5708733,127.0213284,313,1050
서울특별시 중구 황학동 2545,37.5708733,127.0213284,265,1050
서울특별시 중구 황학동 2545,37.5708733,127.0213284,324,1050
서울특별시 중구 황학동 2545,37.5708733,127.0213284,324,1050
서울특별시 중구 황학동 2545,37.5708733,127.0213284,313,1050
서울특별시 중구 황학동 2545,37.5708733,127.0213284,337,1050
서울특별시 중구 황학동 2545,37.5708733,127.0213284,1,1050
서울특별시 중구 황학동 377,37.5664324,127.0195142,3,1020
서울특별시 중구 황학동 398,37.5666957,127.0199771,3,1037
서울특별시 중구 황학동 463,37.5676007,127.0201249,3,1036
서울특별시 중구 황학동 526,37.5678509,127.0206344,3,1036
서울특별시 중구 황학동 656,37.5667479,127.0211627,13,1054
서울특별시 중구 황학동 707-2,37.5659095,127.0209994,3,1055
서울특별시 중구 황학동 720,37.565953,127.0198386,3,1021
서울특별시 중구 황학동 73-1,37.5697508,127.0192885,1,1017
서울특별시 중구 황학동 841,37.5660734,127.0228401,7,1072
서울특별시 중구 황학동 846,37.566196,127.0226245,30,1072
서울특별시 중구 황학동 876,37.5666203,127.0219624,17,1054
서울특별시 중구 황학동 882,37.5666918,127.0224426,113,1071
서울특별시 중구 황학동 893,37.5668721,127.0221267,9,1071
서울특별시 중구 황학동 981,37.5671421,127.0224152,51,1071
서울특별시 중구 회현동1가 100-100,37.5561616,126.980071,11,245
서울특별시 중구 회현동1가 100-12,37.5568504,126.9803265,16,244
서울특별시 중구 회현동1가 100-13,37.5572267,126.980808,9,263
서울특별시 중구 회현동1가 100-132,37.5561729,126.9802338,5,245
서울특별시 중구 회현동1가 100-62,37.5560883,126.9798242,7,245
서울특별시 중구 회현동1가 100-67,37.5567053,126.9795996,8,244
서울특별시 중구 회현동1가 100-84,37.5561673,126.980527,12,264
서울특별시 중구 회현동1가 118-1,37.5569169,126.9813544,7,263
서울특별시 중구 회현동1가 144-38,37.5569747,126.9842974,8,319
서울특별시 중구 회현동1가 146-1,37.5561502,126.9825091,120,283
서울특별시 중구 회현동1가 147-20,37.5556757,126.9818195,24,283
서울특별시 중구 회현동1가 147-23,37.555627,126.981295,342,264
서울특별시 중구 회현동1가 148-2,37.5560103,126.9812332,8,264
서울특별시 중구 회현동1가 148-3,37.5562034,126.9812611,17,264
서울특별시 중구 회현동1가 202-79,37.5606962,126.9798236,3,240
서울특별시 중구 회현동1가 206,37.5590809,126.9805937,234,261
서울특별시 중구 회현동1가 208,37.5566746,126.981124,387,263
서울특별시 중구 회현동1가 53-11,37.5578255,126.9821264,16,281
서울특별시 중구 회현동1가 82-8,37.5576529,126.9804015,17,243
서울특별시 중구 회현동1가 97-2,37.5582036,126.9797885,35,243
서울특별시 중구 회현동2가 19-1,37.5588838,126.9837531,6,299
서울특별시 중구 회현동2가 28-1,37.5587025,126.9834115,22,299
서울특별시 중구 회현동2가 42-16,37.5578889,126.983624,3,300
서울특별시 중구 회현동2가 46-3,37.5574536,126.9836152,5,300
서울특별시 중구 회현동2가 60,37.557857,126.9828537,3,300
서울특별시 중구 회현동2가 60-3,37.5579111,126.9826424,4,281
서울특별시 중구 회현동2가 87,37.5593701,126.983201,237,298
서울특별시 중구 흥인동 12-2,37.567527,127.0171148,3,981
서울특별시 중구 흥인동 12-4,37.5674523,127.0171203,3,981
서울특별시 중구 흥인동 13-1,37.566813,127.0170721,296,982
서울특별시 중구 흥인동 142-1,37.566053,127.0142036,49,918
