절도,2016-03-03 23:00,37.56685278,126.9838896,306
절도,2016-12-24 15:00,37.56531081,127.0079231,135
폭행,2016-05-18 21:00,37.56649044,127.0101661,117
폭행,2016-07-02 18:00,37.56654819,126.9890139,327
절도,2016-06-23 21:00,37.55895979,127.0143197,250
강간,2016-01-24 13:00,37.55940003,127.009879,88
폭행,2016-09-24 11:00,37.56678786,127.0210259,53
폭행,2016-01-03 19:00,37.54450104,127.0058164,184
절도,2016-03-30 21:00,37.56675943,126.9840671,306
절도,2016-05-11 6:00,37.55292595,127.0107792,206
폭행,2016-06-01 5:00,37.56769063,126.9906517,297
폭행,2016-08-26 23:00,37.56440355,127.0079966,146
폭행,2016-12-15 19:00,37.5670862,126.9921361,296
절도,2016-01-21 17:00,37.56419249,127.0081747,145
폭행,2016-12-08 10:00,37.55135333,127.0113314,224
강간,2016-12-29 1:00,37.56553855,127.0114915,137
절도,2016-03-28 17:00,37.56781372,126.9868697,305
폭행,2016-10-17 23:00,37.56816098,127.0123992,113
강간,2016-03-27 12:00,37.56410118,127.0070924,81
절도,2016-01-29 21:00,37.56753194,126.9923125,296
절도,2016-10-03 17:00,37.56930109,127.0104213,74
절도,2016-03-06 15:00,37.56403668,127.0063745,149
폭행,2016-03-02 23:00,37.55324895,127.0114175,222
절도,2016-11-19 4:00,37.5650122,127.0150881,45
폭행,2016-03-03 13:00,37.55991652,127.0121096,168
절도,2016-03-23 2:00,37.56566645,127.0217891,56
폭행,2016-11-25 22:00,37.561198,127.0227012,32
폭행,2016-03-30 4:00,37.56177559,127.0122401,159
폭행,2016-05-09 21:00,37.56412213,126.9924334,344
절도,2016-05-05 18:00,37.56598464,127.0135853,105
폭행,2016-03-03 6:00,37.55470964,127.013847,252
폭행,2016-12-21 17:00,37.55009937,127.0126917,220
폭행,2016-12-04 16:00,37.55577039,127.0185416,246
절도,2016-06-19 19:00,37.54976121,127.0120898,225
절도,2016-09-09 5:00,37.55232234,127.0147731,270
폭행,2016-03-04 23:00,37.56574662,126.9928243,318
절도,2016-07-13 2:00,37.56554213,126.9868263,308
절도,2016-11-24 18:00,37.56364048,127.0132331,155
폭행,2016-01-29 21:00,37.55174241,127.0080353,203
절도,2016-04-17 11:00,37.56235456,126.9880346,338
폭행,2016-01-15 23:00,37.55698888,127.0124793,211
절도,2016-03-01 19:00,37.56286696,127.020944,29
절도,2016-11-18 17:00,37.56591089,126.9864851,308
폭행,2016-11-14 22:00,37.56778036,127.0097382,120
폭행,2016-09-03 0:00,37.56444791,127.0103467,140
폭행,2016-09-08 8:00,37.56353505,127.0275024,4
폭행,2016-08-10 8:00,37.55149774,127.0124044,218
폭행,2016-10-24 12:00,37.56611015,127.0150062,104
폭행,2016-07-06 15:00,37.55393822,127.0129401,215
절도,2016-08-06 6:00,37.55419942,127.0110065,209
폭행,2016-01-06 0:00,37.5517437,127.0132723,218
절도,2016-10-14 17:00,37.56281342,127.0221192,20
절도,2016-02-24 16:00,37.5545637,127.0144888,260
폭행,2016-10-02 17:00,37.54575356,127.0072002,188
폭행,2016-07-19 22:00,37.56297459,127.0217988,20
폭행,2016-11-01 19:00,37.56283685,127.025618,7
폭행,2016-06-09 17:00,37.56618368,126.9841422,306
폭행,2016-12-08 2:00,37.56203109,127.0216962,19
폭행,2016-02-28 2:00,37.56559923,126.9864062,308
폭행,2016-11-16 22:00,37.56282767,127.0252163,7
절도,2016-02-14 12:00,37.54656289,127.0095725,240
절도,2016-02-13 8:00,37.56115399,127.0206735,34
절도,2016-02-11 8:00,37.55532317,127.0140213,252
폭행,2016-04-10 21:00,37.55309581,127.0177211,266
폭행,2016-12-20 14:00,37.56703601,126.9878242,328
절도,2016-05-14 12:00,37.5669273,126.9904543,326
절도,2016-09-08 12:00,37.56014513,127.0095302,173
폭행,2016-09-06 1:00,37.55873321,127.0152497,249
절도,2016-03-09 13:00,37.56015979,127.0103392,169
절도,2016-11-15 15:00,37.56561714,126.9839135,307
절도,2016-05-05 8:00,37.56331353,126.9911347,342
절도,2016-08-27 20:00,37.56656024,127.009119,121
폭행,2016-02-25 18:00,37.56413757,127.0125021,155
절도,2016-09-20 23:00,37.56349828,127.0147113,97
절도,2016-05-20 22:00,37.56263473,127.0165481,96
폭행,2016-12-26 23:00,37.55085047,127.0088878,236
폭행,2016-10-29 1:00,37.54584155,127.0043128,193
폭행,2016-08-17 0:00,37.56513826,127.0259102,2
절도,2016-03-13 8:00,37.55999071,127.0112255,168
절도,2016-09-06 16:00,37.56850321,127.0095971,122
강간,2016-03-26 2:00,37.55280036,127.010234,206
절도,2016-10-17 7:00,37.56342566,127.0263936,8
폭행,2016-01-30 9:00,37.54950482,127.0114015,225
폭행,2016-09-02 1:00,37.56813866,127.0165011,62
강간,2016-04-24 20:00,37.56598685,126.9885685,332
폭행,2016-12-07 2:00,37.56308422,126.9882067,339
절도,2016-05-17 13:00,37.54711757,127.005501,195
절도,2016-12-17 20:00,37.56493244,126.9919759,346
폭행,2016-01-13 18:00,37.56389061,127.0206211,24
절도,2016-05-18 14:00,37.56353466,126.9872983,309
절도,2016-08-13 7:00,37.56481899,127.0246905,16
폭행,2016-07-13 16:00,37.56404731,127.0244329,15
폭행,2016-02-16 12:00,37.56229251,127.0116352,158
절도,2016-10-05 20:00,37.56512544,127.0155751,45
절도,2016-07-06 20:00,37.55686389,127.0152698,180
절도,2016-03-06 19:00,37.55509105,127.0109695,207
폭행,2016-07-02 3:00,37.563451,127.0175497,42
폭행,2016-03-05 14:00,37.56038441,127.0070654,85
폭행,2016-01-18 19:00,37.55753874,127.0170184,244
절도,2016-08-25 18:00,37.56855081,126.9916462,300
강간,2016-05-23 7:00,37.5640885,127.0179966,41
절도,2016-09-18 23:00,37.56846593,126.9978939,286
절도,2016-09-12 18:00,37.56804562,126.9863774,304
절도,2016-08-03 4:00,37.5680459,127.0068889,123
폭행,2016-04-16 1:00,37.56542214,126.9844577,307
폭행,2016-09-29 16:00,37.56391406,126.9883055,313
폭행,2016-06-04 22:00,37.56637436,126.9901188,326
절도,2016-02-14 4:00,37.55618969,127.0126828,213
절도,2016-07-15 14:00,37.56188348,127.0193367,28
폭행,2016-03-31 2:00,37.54541981,127.0080516,186
절도,2016-11-14 9:00,37.5633523,127.0100218,153
폭행,2016-12-21 20:00,37.56253849,126.9879341,338
폭행,2016-04-07 5:00,37.56141158,127.011071,165
폭행,2016-10-23 21:00,37.56678664,126.9954201,321
절도,2016-01-12 2:00,37.56442424,127.0183209,40
폭행,2016-05-02 21:00,37.56688438,126.9984994,287
절도,2016-05-19 12:00,37.56728936,126.9932178,295
폭행,2016-06-01 18:00,37.56430875,126.988492,313
폭행,2016-06-30 23:00,37.56952657,127.0140535,66
절도,2016-01-22 12:00,37.56926822,127.0043821,72
폭행,2016-05-21 22:00,37.55425553,127.0118133,208
절도,2016-12-21 13:00,37.55570227,127.0133011,213
폭행,2016-05-14 1:00,37.56595976,126.983873,307
절도,2016-09-28 4:00,37.56775295,126.98923,282
절도,2016-04-21 14:00,37.56696887,127.0156862,64
폭행,2016-06-28 12:00,37.56795476,126.9910751,297
절도,2016-04-20 18:00,37.56333029,127.0050676,82
절도,2016-05-12 3:00,37.56219466,127.0123264,159
절도,2016-02-09 9:00,37.56757093,126.9963805,285
폭행,2016-08-02 18:00,37.56672262,127.0077618,131
절도,2016-12-01 6:00,37.56810341,126.98819,303
폭행,2016-07-31 23:00,37.56341958,126.9870174,336
강간,2016-05-21 20:00,37.5649891,126.9892871,335
폭행,2016-09-28 19:00,37.54613846,127.0088445,190
폭행,2016-07-13 10:00,37.56567002,127.0162229,46
폭행,2016-07-08 0:00,37.56139688,127.0054415,86
절도,2016-03-20 12:00,37.56564946,127.0201719,54
절도,2016-06-09 20:00,37.56321115,127.0053852,150
절도,2016-07-14 19:00,37.56309802,127.0159022,96
폭행,2016-09-08 20:00,37.55454454,127.0172116,265
폭행,2016-05-28 11:00,37.56713931,126.9967684,285
절도,2016-12-03 21:00,37.56482633,126.990214,316
폭행,2016-11-09 3:00,37.56606728,127.0064405,132
절도,2016-01-15 6:00,37.56830064,127.0120485,114
절도,2016-06-09 12:00,37.56623861,127.0194061,51
폭행,2016-10-25 15:00,37.55378084,127.0104453,209
폭행,2016-08-10 19:00,37.54484117,127.008349,186
절도,2016-07-06 12:00,37.55153725,127.0093523,235
절도,2016-02-02 16:00,37.56418743,127.0255125,14
폭행,2016-12-04 18:00,37.56765403,126.9912964,297
절도,2016-11-29 23:00,37.55740282,127.0156901,243
절도,2016-10-20 0:00,37.56637768,126.9894621,326
폭행,2016-07-05 21:00,37.56681124,127.0224797,57
폭행,2016-04-04 2:00,37.56399087,127.0266346,3
절도,2016-08-12 16:00,37.54854468,127.0101882,230
폭행,2016-06-07 20:00,37.56281816,127.0188319,38
폭행,2016-02-03 21:00,37.56422053,127.0098448,144
절도,2016-08-24 12:00,37.56181023,127.0141275,99
절도,2016-04-29 23:00,37.5481422,127.0075907,197
절도,2016-04-16 21:00,37.56634399,126.9903318,326
폭행,2016-08-01 18:00,37.56809923,127.0091779,122
절도,2016-12-24 12:00,37.56872948,126.9911466,300
폭행,2016-10-01 21:00,37.55085939,127.0082455,241
절도,2016-12-09 23:00,37.56707849,127.0055096,126
폭행,2016-07-05 15:00,37.55540009,127.0119466,212
폭행,2016-05-23 5:00,37.5621878,127.0213284,33
강간,2016-11-27 19:00,37.55977603,127.0099544,170
폭행,2016-09-23 21:00,37.55643366,127.0174743,256
폭행,2016-10-02 21:00,37.56707378,126.9848578,277
절도,2016-04-24 9:00,37.54490324,127.0070792,187
폭행,2016-02-04 18:00,37.56667371,126.9957453,321
폭행,2016-02-18 13:00,37.56853442,127.0131044,113
절도,2016-12-13 16:00,37.56712332,127.0165617,63
폭행,2016-11-12 23:00,37.5639608,127.0258546,3
절도,2016-05-08 6:00,37.5560925,127.013338,253
절도,2016-12-30 3:00,37.55104516,127.01447,272
절도,2016-02-11 17:00,37.56805537,127.015451,109
폭행,2016-12-06 9:00,37.5658125,127.0115394,137
절도,2016-05-27 23:00,37.56936352,127.0078461,70
절도,2016-07-03 23:00,37.5619335,127.0042884,83
폭행,2016-05-22 9:00,37.5609704,127.0209549,34
절도,2016-07-09 1:00,37.56679092,127.01255,106
절도,2016-10-13 13:00,37.55841762,127.014107,250
폭행,2016-04-15 18:00,37.54916227,127.0070942,202
절도,2016-04-11 14:00,37.56623088,126.9982313,287
폭행,2016-12-01 2:00,37.56597831,126.9862613,308
폭행,2016-11-28 7:00,37.56649247,127.0125761,106
절도,2016-01-21 23:00,37.56203362,127.0065128,177
폭행,2016-08-14 3:00,37.54841873,127.010436,230
폭행,2016-10-08 1:00,37.55914573,127.0125184,172
폭행,2016-09-09 4:00,37.56206112,127.0219058,19
절도,2016-06-14 7:00,37.56656735,126.9871456,328
폭행,2016-06-06 18:00,37.56385,127.0220471,21
폭행,2016-07-23 1:00,37.5590818,127.0108849,170
폭행,2016-01-11 7:00,37.56786976,126.9917805,296
절도,2016-08-06 8:00,37.56821506,127.0135608,110
절도,2016-05-15 16:00,37.56454263,127.0122146,139
폭행,2016-02-07 3:00,37.5618199,127.0154351,95
절도,2016-02-12 15:00,37.54924405,127.0068389,202
폭행,2016-06-01 20:00,37.56465348,127.0265641,2
절도,2016-02-10 15:00,37.5452813,127.0060417,185
절도,2016-02-02 15:00,37.56352842,127.0149035,97
절도,2016-04-17 17:00,37.56358823,127.0095258,144
폭행,2016-09-13 14:00,37.56429594,126.9878713,309
폭행,2016-05-17 6:00,37.56830573,126.9920448,299
폭행,2016-08-10 12:00,37.56592535,127.0180262,48
절도,2016-08-21 14:00,37.54854544,127.0108744,230
폭행,2016-10-02 17:00,37.56183272,127.0082274,161
폭행,2016-10-09 11:00,37.56872079,127.0087702,122
폭행,2016-09-10 2:00,37.56354801,126.9897341,315
절도,2016-07-03 9:00,37.55377726,127.0121025,208
절도,2016-08-26 20:00,37.55599238,127.0179032,246
폭행,2016-10-19 16:00,37.56647028,127.021838,55
폭행,2016-04-19 0:00,37.54470721,127.0070227,187
폭행,2016-01-09 13:00,37.56287379,127.0063011,150
폭행,2016-08-07 18:00,37.5570468,127.0132745,211
폭행,2016-04-10 21:00,37.56829115,127.004328,75
절도,2016-05-20 12:00,37.56518242,126.9872733,310
폭행,2016-12-29 12:00,37.56315447,127.0205674,29
폭행,2016-03-26 15:00,37.56374507,126.986287,340
폭행,2016-06-07 18:00,37.56402321,127.0151914,97
폭행,2016-12-24 11:00,37.56293944,127.0168655,42
절도,2016-08-28 16:00,37.56201829,127.0059169,178
절도,2016-01-19 15:00,37.5524429,127.0101376,234
폭행,2016-08-14 23:00,37.564974,127.0082573,146
절도,2016-01-18 22:00,37.56710601,126.9859577,280
절도,2016-06-09 6:00,37.564173,127.0270759,4
폭행,2016-08-17 18:00,37.55505318,127.0100325,207
절도,2016-12-26 13:00,37.56884461,127.0055249,125
절도,2016-11-28 15:00,37.55916155,127.0111687,171
절도,2016-09-13 20:00,37.56181635,127.0063611,178
폭행,2016-12-23 11:00,37.55090042,127.0131938,220
절도,2016-04-04 21:00,37.56332185,126.9933448,343
폭행,2016-04-25 22:00,37.54974269,127.0130161,219
폭행,2016-06-17 21:00,37.54639362,127.0045368,193
절도,2016-03-15 8:00,37.56361612,127.0058317,149
폭행,2016-08-25 21:00,37.56121105,127.0083171,175
폭행,2016-12-23 11:00,37.56070901,127.0072813,85
폭행,2016-03-11 17:00,37.56783259,127.0093924,120
폭행,2016-01-06 21:00,37.56114392,127.0080409,175
강간,2016-05-28 20:00,37.56779556,127.0141793,111
강간,2016-11-16 2:00,37.55401335,127.0130069,215
절도,2016-11-15 23:00,37.56725633,127.0052389,76
절도,2016-04-19 19:00,37.54638556,127.0050535,193
폭행,2016-11-22 21:00,37.56372202,126.988056,309
폭행,2016-02-24 4:00,37.55217512,127.0093156,205
절도,2016-08-08 23:00,37.56401515,127.0130242,155
폭행,2016-05-28 18:00,37.56969035,127.0048818,72
절도,2016-04-24 9:00,37.56259901,126.9934539,343
폭행,2016-11-17 21:00,37.56698446,126.9944374,323
폭행,2016-06-30 18:00,37.56271177,127.0190705,26
폭행,2016-03-31 23:00,37.56730849,127.0064579,126
절도,2016-07-04 17:00,37.56497675,127.010501,140
절도,2016-01-31 17:00,37.56015784,127.0094846,173
폭행,2016-12-18 1:00,37.56359702,127.0091247,144
절도,2016-04-11 23:00,37.56479786,126.9921256,346
폭행,2016-01-23 3:00,37.56405539,126.9903879,315
폭행,2016-07-19 20:00,37.55429678,127.0100894,209
절도,2016-01-01 11:00,37.5647841,127.017533,31
절도,2016-09-23 23:00,37.56420104,127.0200309,25
절도,2016-06-15 17:00,37.55353551,127.0160492,267
절도,2016-05-01 17:00,37.55477887,127.0114919,212
절도,2016-11-22 11:00,37.56505327,127.0050179,78
강간,2016-04-10 21:00,37.5677921,126.9956806,290
폭행,2016-05-16 3:00,37.56818914,126.9904413,301
폭행,2016-07-25 5:00,37.55320839,127.0132748,216
절도,2016-06-01 11:00,37.56781782,126.9924481,296
절도,2016-07-13 13:00,37.56945253,127.0154857,65
폭행,2016-05-04 13:00,37.56728336,126.9956486,290
절도,2016-11-08 18:00,37.56405426,127.0276191,4
폭행,2016-10-13 20:00,37.55134513,127.0119123,224
폭행,2016-05-21 20:00,37.55217018,127.0109962,234
절도,2016-08-17 17:00,37.56326775,127.0100155,153
폭행,2016-06-14 22:00,37.56728215,126.9910958,297
절도,2016-03-25 4:00,37.5673811,126.9853087,280
절도,2016-12-27 9:00,37.56687588,126.9936543,319
폭행,2016-06-16 14:00,37.56262049,127.0059625,150
절도,2016-03-12 22:00,37.56859627,127.0159815,62
폭행,2016-08-16 6:00,37.55196071,127.0100417,234
절도,2016-11-03 11:00,37.56263195,127.0088294,152
폭행,2016-09-02 14:00,37.56535058,126.9841268,307
절도,2016-04-03 17:00,37.56642026,127.011212,116
절도,2016-09-13 23:00,37.56125892,127.0139627,93
절도,2016-12-05 14:00,37.56569941,126.9899665,333
절도,2016-01-16 10:00,37.56351399,127.0201541,24
폭행,2016-04-12 23:00,37.55934723,127.0139753,92
절도,2016-03-11 23:00,37.56623503,127.0185365,47
폭행,2016-07-17 23:00,37.56801503,126.9962362,292
절도,2016-05-11 4:00,37.54385456,127.0058547,184
폭행,2016-10-14 15:00,37.56795497,127.0069099,127
절도,2016-08-26 10:00,37.56258768,127.023062,12
절도,2016-07-29 18:00,37.56517076,127.0110959,141
절도,2016-09-14 11:00,37.55064118,127.0142085,275
절도,2016-06-13 18:00,37.55043992,127.0092284,236
폭행,2016-06-06 22:00,37.56749907,127.0070724,127
폭행,2016-10-23 8:00,37.56477075,127.0156821,44
절도,2016-02-09 14:00,37.56648206,127.0132275,106
폭행,2016-01-09 18:00,37.56744639,126.9954486,290
절도,2016-03-28 19:00,37.56662509,127.0160648,64
절도,2016-06-05 9:00,37.56077641,127.0117067,168
절도,2016-07-02 18:00,37.56371623,126.9885365,313
폭행,2016-02-17 15:00,37.56479598,127.0261112,2
절도,2016-10-20 4:00,37.55273266,127.011212,222
강간,2016-04-26 1:00,37.56704598,127.0102051,117
절도,2016-01-10 19:00,37.55876672,127.0154533,249
폭행,2016-10-23 3:00,37.56740119,127.0093553,120
절도,2016-11-22 15:00,37.56086535,127.0234062,35
폭행,2016-10-14 5:00,37.55993718,127.0136437,94
폭행,2016-06-09 9:00,37.54915182,127.0107823,231
폭행,2016-04-23 23:00,37.56762424,127.0084855,128
폭행,2016-02-03 15:00,37.54713994,127.0096304,240
폭행,2016-06-10 23:00,37.56481531,127.007642,146
절도,2016-03-08 15:00,37.56351403,127.0056302,149
폭행,2016-06-02 19:00,37.56230217,127.0093047,162
폭행,2016-02-04 9:00,37.54810256,127.0094129,239
폭행,2016-05-29 23:00,37.55229142,127.0090649,205
절도,2016-07-05 0:00,37.55607169,127.0148278,251
절도,2016-02-07 16:00,37.56046636,127.0125507,167
절도,2016-02-21 0:00,37.56119158,127.0095122,174
폭행,2016-04-24 13:00,37.56588157,126.9882213,331
절도,2016-01-08 12:00,37.56365418,126.9917252,344
절도,2016-06-06 0:00,37.56724117,126.9846966,277
절도,2016-08-15 16:00,37.54546686,127.0084741,186
폭행,2016-05-05 5:00,37.56508279,127.0054997,148
절도,2016-09-22 0:00,37.5669032,127.0209567,53
폭행,2016-07-21 15:00,37.56635413,127.0191567,51
폭행,2016-04-07 20:00,37.56829879,127.004923,75
절도,2016-08-04 4:00,37.55258629,127.009178,205
폭행,2016-02-03 14:00,37.56681406,127.0148292,103
절도,2016-09-26 13:00,37.56213109,127.02122,27
폭행,2016-01-07 8:00,37.56633896,126.9903003,326
절도,2016-10-17 10:00,37.56131894,127.0233854,32
강간,2016-10-24 20:00,37.56629428,126.9853804,330
폭행,2016-01-10 21:00,37.56463076,126.989354,335
절도,2016-01-26 20:00,37.56463941,126.9871951,310
폭행,2016-06-15 19:00,37.56765956,127.0162819,63
폭행,2016-04-26 4:00,37.56825343,126.9871267,304
절도,2016-12-24 20:00,37.55033395,127.0121769,220
폭행,2016-04-17 21:00,37.56809827,126.9950658,294
절도,2016-04-16 18:00,37.56097959,127.0057543,86
절도,2016-05-06 18:00,37.565811,127.010409,136
절도,2016-04-21 21:00,37.56603587,127.0076856,135
폭행,2016-02-20 21:00,37.56310337,127.0210242,29
폭행,2016-08-24 13:00,37.56631648,126.9947878,323
폭행,2016-01-03 8:00,37.55144641,127.0079748,203
절도,2016-06-28 3:00,37.56522788,127.0242036,16
폭행,2016-07-04 11:00,37.56213928,126.9876862,338
폭행,2016-02-06 14:00,37.55862178,127.0111366,90
절도,2016-06-05 7:00,37.56120842,127.0088905,174
절도,2016-02-10 17:00,37.55918229,127.0119853,171
폭행,2016-02-13 17:00,37.55209102,127.0096571,205
절도,2016-07-03 10:00,37.5656368,127.0218041,56
절도,2016-07-19 15:00,37.56572483,127.0061633,132
폭행,2016-11-26 23:00,37.56580301,127.0179939,48
폭행,2016-06-21 21:00,37.56830924,126.9853544,279
폭행,2016-02-02 12:00,37.56267898,127.0258303,7
폭행,2016-01-22 3:00,37.56958771,127.0148053,65
폭행,2016-04-27 16:00,37.56543071,127.0168017,50
절도,2016-11-06 18:00,37.54611788,127.0079675,191
폭행,2016-03-31 10:00,37.56891919,127.0047425,72
폭행,2016-07-21 17:00,37.56545414,127.0201739,54
폭행,2016-03-31 2:00,37.5541023,127.0154062,269
절도,2016-03-14 1:00,37.5627917,127.0226302,12
절도,2016-09-10 2:00,37.56599845,126.9914363,334
폭행,2016-01-21 23:00,37.560479,127.0100829,169
절도,2016-07-26 19:00,37.55540834,127.0162409,259
폭행,2016-04-02 12:00,37.54781201,127.0073322,197
폭행,2016-08-09 11:00,37.56709531,126.9921259,296
폭행,2016-07-15 14:00,37.5657345,127.0196621,52
절도,2016-01-17 19:00,37.55451672,127.0125361,214
폭행,2016-07-18 2:00,37.55280628,127.0126656,216
절도,2016-02-04 9:00,37.55936864,127.0113235,171
절도,2016-03-15 13:00,37.56807463,127.0065813,123
폭행,2016-06-07 6:00,37.56346388,127.0182545,38
폭행,2016-08-02 22:00,37.56595387,126.9844378,307
폭행,2016-01-25 18:00,37.56080759,127.0136266,93
절도,2016-08-06 15:00,37.56548045,126.9903672,333
폭행,2016-10-08 22:00,37.5657148,126.9855038,312
폭행,2016-11-24 2:00,37.56521177,127.0125463,139
폭행,2016-04-21 3:00,37.56734989,127.0088953,120
폭행,2016-01-31 13:00,37.5643345,126.9875333,309
절도,2016-07-01 4:00,37.56400318,127.0079701,145
강간,2016-07-04 22:00,37.56493757,127.0239608,16
강간,2016-03-04 2:00,37.54758855,127.0071148,197
절도,2016-03-17 5:00,37.56294932,127.0124865,156
폭행,2016-02-25 13:00,37.56357759,126.9891795,313
절도,2016-05-26 15:00,37.55471879,127.0138222,252
절도,2016-08-11 17:00,37.54814633,127.0070526,197
절도,2016-05-31 20:00,37.55482734,127.0107113,207
폭행,2016-01-19 19:00,37.56107789,127.0225102,32
폭행,2016-12-20 21:00,37.56488409,126.988987,335
폭행,2016-07-01 22:00,37.56767497,126.9889348,282
폭행,2016-03-02 2:00,37.56652763,126.9896345,326
절도,2016-03-04 14:00,37.56513103,127.0095398,143
절도,2016-09-01 13:00,37.56701595,126.9837427,306
폭행,2016-11-09 16:00,37.56487448,127.0043135,78
폭행,2016-01-08 6:00,37.55526901,127.0117465,212
폭행,2016-12-29 22:00,37.56571532,126.9932557,320
폭행,2016-09-06 11:00,37.56640407,126.9904731,326
폭행,2016-05-30 22:00,37.56854344,126.9924068,299
폭행,2016-03-08 19:00,37.56672401,127.0049647,77
강간,2016-02-10 8:00,37.55019254,127.0076478,241
폭행,2016-11-06 19:00,37.56277134,127.0255499,7
폭행,2016-01-16 23:00,37.56254189,127.0071936,177
폭행,2016-04-12 22:00,37.5669661,127.0096857,121
절도,2016-09-07 18:00,37.56469213,127.0259253,2
폭행,2016-10-13 0:00,37.5680293,126.9991677,283
폭행,2016-03-23 4:00,37.56794754,126.9899782,298
폭행,2016-09-29 3:00,37.56460318,127.012505,139
절도,2016-05-31 5:00,37.56821778,127.0118912,114
폭행,2016-10-11 8:00,37.56854285,127.0156534,62
폭행,2016-12-27 2:00,37.56613413,126.9901693,333
폭행,2016-03-15 21:00,37.5461363,127.006493,188
절도,2016-02-25 21:00,37.55179688,127.0102484,233
폭행,2016-06-30 23:00,37.54467425,127.0072653,187
절도,2016-09-20 22:00,37.566364,127.0204691,53
절도,2016-09-27 15:00,37.56441159,127.0161405,44
절도,2016-09-04 17:00,37.55200509,127.0144198,274
절도,2016-04-18 16:00,37.55197253,127.0092583,205
폭행,2016-04-18 1:00,37.56296846,127.0108733,153
폭행,2016-10-07 19:00,37.56081378,127.0043254,84
절도,2016-08-18 15:00,37.5495339,127.0114289,225
절도,2016-06-17 16:00,37.56588787,126.9910689,334
폭행,2016-11-15 19:00,37.5465657,127.0045812,194
폭행,2016-11-19 1:00,37.56698012,126.988054,328
절도,2016-01-14 2:00,37.56117731,127.0235305,35
절도,2016-03-24 16:00,37.56617889,127.0114084,116
절도,2016-07-18 20:00,37.56731234,126.9883113,282
폭행,2016-09-06 9:00,37.55086498,127.0137698,275
폭행,2016-10-01 4:00,37.54566117,127.0042732,193
절도,2016-01-09 0:00,37.56210309,127.0085168,161
폭행,2016-09-20 21:00,37.56368112,127.0129169,155
폭행,2016-06-16 13:00,37.55990462,127.0139672,94
폭행,2016-01-28 3:00,37.56971475,127.0076666,70
절도,2016-01-09 17:00,37.55310449,127.0115302,222
폭행,2016-04-13 8:00,37.56748191,126.988384,282
폭행,2016-02-04 2:00,37.56722833,127.0071786,127
강간,2016-09-21 1:00,37.56649555,127.0056253,129
폭행,2016-04-24 22:00,37.5613882,127.0115268,165
절도,2016-05-06 19:00,37.56860544,127.0155907,62
폭행,2016-03-12 21:00,37.5670687,127.0054818,126
폭행,2016-12-17 0:00,37.56215649,127.0136536,99
폭행,2016-07-23 11:00,37.55375622,127.0168653,264
절도,2016-11-15 22:00,37.56670992,127.0196672,51
절도,2016-03-07 3:00,37.56281758,126.9917342,345
절도,2016-06-01 14:00,37.55568342,127.0172527,257
폭행,2016-03-26 9:00,37.56902576,127.012442,67
폭행,2016-05-21 15:00,37.56786582,127.0153396,108
절도,2016-09-03 16:00,37.54830874,127.0098947,238
절도,2016-12-16 22:00,37.56553632,127.0232874,58
폭행,2016-06-15 20:00,37.55196718,127.0120035,223
폭행,2016-06-14 19:00,37.56351918,127.0082298,145
폭행,2016-07-08 3:00,37.55224239,127.0097382,205
폭행,2016-04-08 14:00,37.54673866,127.0058897,195
절도,2016-07-12 19:00,37.56642619,127.0166465,64
폭행,2016-08-20 22:00,37.55070208,127.0117961,226
절도,2016-08-02 23:00,37.55112923,127.0101944,233
절도,2016-09-12 13:00,37.56344587,126.9865601,336
절도,2016-11-29 12:00,37.5650476,126.9878574,310
폭행,2016-08-10 21:00,37.56422836,127.0173295,39
폭행,2016-01-15 12:00,37.56604638,126.9938437,320
폭행,2016-01-16 1:00,37.56004424,127.0142517,94
절도,2016-08-27 23:00,37.54882361,127.0119644,227
절도,2016-06-10 1:00,37.55659876,127.0137203,254
폭행,2016-05-06 3:00,37.56289672,126.9932284,343
절도,2016-10-17 14:00,37.55485221,127.0146669,260
절도,2016-04-23 12:00,37.56323295,127.0124209,156
절도,2016-05-19 19:00,37.55830149,127.011695,90
절도,2016-09-09 5:00,37.56666244,126.9916997,324
폭행,2016-12-22 23:00,37.56475824,127.0121691,141
절도,2016-09-16 14:00,37.5686033,126.9853317,279
폭행,2016-07-14 21:00,37.56297983,126.9919348,345
폭행,2016-07-02 21:00,37.55124348,127.0110574,224
폭행,2016-03-15 3:00,37.56459502,126.9916097,317
절도,2016-12-28 2:00,37.56673777,126.9878885,328
절도,2016-11-07 1:00,37.5676467,127.0052892,76
절도,2016-12-01 3:00,37.56837534,127.0047349,75
절도,2016-09-21 19:00,37.5646385,127.0196604,30
절도,2016-05-27 0:00,37.55736572,127.0144384,247
폭행,2016-04-15 22:00,37.56649843,127.0189714,47
절도,2016-07-02 4:00,37.56533096,127.0076819,135
폭행,2016-02-01 18:00,37.56525345,127.021636,22
절도,2016-11-19 7:00,37.56830003,126.9980546,286
강간,2016-08-24 7:00,37.56780382,126.9960624,290
절도,2016-05-23 7:00,37.54945306,127.0076797,199
절도,2016-01-30 20:00,37.54515192,127.0064449,185
폭행,2016-08-22 21:00,37.55246406,127.0095157,205
절도,2016-08-12 15:00,37.56842938,126.9907806,300
폭행,2016-12-28 0:00,37.5636425,127.0077641,145
폭행,2016-01-02 22:00,37.56749612,127.0043888,76
절도,2016-12-16 20:00,37.56921329,127.0082911,70
폭행,2016-07-06 16:00,37.56843841,127.0066222,123
폭행,2016-11-07 1:00,37.56604552,127.0105836,136
폭행,2016-04-24 15:00,37.56888526,127.0145252,65
폭행,2016-10-07 17:00,37.5620715,126.9876364,338
절도,2016-02-16 8:00,37.56637759,127.0161131,64
폭행,2016-10-01 20:00,37.56645189,127.0200693,51
폭행,2016-03-03 16:00,37.56746887,126.991179,297
폭행,2016-10-20 16:00,37.55298577,127.0134292,261
폭행,2016-12-11 23:00,37.56282921,127.0075201,151
절도,2016-06-09 20:00,37.5498136,127.0130638,219
폭행,2016-07-15 11:00,37.54777892,127.0112972,228
폭행,2016-04-13 5:00,37.55155234,127.0081067,203
절도,2016-05-10 22:00,37.56519482,127.0045653,78
폭행,2016-03-24 5:00,37.5497357,127.0109058,231
절도,2016-03-01 1:00,37.54627258,127.0073235,188
폭행,2016-10-22 23:00,37.56545421,127.0110128,136
절도,2016-05-18 6:00,37.54768234,127.0084026,198
폭행,2016-12-17 20:00,37.56198962,127.0081597,161
폭행,2016-10-02 8:00,37.56719516,127.016249,63
절도,2016-06-11 7:00,37.56675937,127.0071478,130
폭행,2016-02-26 11:00,37.55580077,127.0179168,246
폭행,2016-05-10 17:00,37.56044781,127.0100022,169
절도,2016-10-11 17:00,37.54744879,127.0081135,198
폭행,2016-07-10 22:00,37.56086478,127.023027,35
폭행,2016-08-05 22:00,37.56263931,127.0190269,26
폭행,2016-04-10 18:00,37.56840954,127.0107762,119
절도,2016-03-18 19:00,37.54797513,127.006997,197
폭행,2016-12-27 11:00,37.56643303,126.9878094,328
절도,2016-03-01 5:00,37.56748576,127.0106309,118
절도,2016-02-28 17:00,37.56867932,127.0052693,75
절도,2016-03-20 23:00,37.56741688,127.0043944,76
절도,2016-03-14 16:00,37.5639461,127.0078714,145
폭행,2016-08-03 1:00,37.55362296,127.0125734,215
폭행,2016-11-18 22:00,37.55062734,127.009591,236
절도,2016-09-24 4:00,37.55032371,127.0118471,226
절도,2016-03-27 21:00,37.56500131,127.0097619,143
폭행,2016-12-20 14:00,37.56698056,127.0185527,47
폭행,2016-01-11 3:00,37.56547194,127.0145611,104
폭행,2016-02-18 13:00,37.55907638,127.0103322,170
폭행,2016-12-23 17:00,37.56332497,127.024741,7
폭행,2016-11-16 14:00,37.56676032,126.9843813,306
폭행,2016-06-02 22:00,37.5646461,127.0189349,40
폭행,2016-04-30 23:00,37.5514225,127.0106241,233
폭행,2016-07-29 21:00,37.56784891,126.9879649,281
절도,2016-01-18 6:00,37.56818574,127.0140844,110
절도,2016-03-09 19:00,37.56178993,127.0145172,95
절도,2016-06-15 8:00,37.5487464,127.0112804,227
절도,2016-06-25 3:00,37.56888767,127.0107293,74
절도,2016-01-02 14:00,37.55521388,127.0152363,260
폭행,2016-10-13 21:00,37.56123575,127.0204463,34
폭행,2016-05-25 9:00,37.5629974,127.0154422,98
폭행,2016-03-25 4:00,37.54818653,127.011993,228
절도,2016-07-20 17:00,37.55675905,127.0122795,211
절도,2016-03-01 2:00,37.56694699,127.011618,116
절도,2016-02-11 19:00,37.56677144,127.0231142,57
폭행,2016-01-21 0:00,37.56686881,127.0122522,106
절도,2016-12-04 7:00,37.56557992,126.9909832,334
절도,2016-11-24 5:00,37.55873134,127.0148027,242
절도,2016-10-02 22:00,37.56669355,127.0062599,129
절도,2016-01-29 21:00,37.56273106,127.016913,42
폭행,2016-01-03 0:00,37.56805809,126.9878416,303
절도,2016-10-07 18:00,37.56762952,126.9854756,280
폭행,2016-10-03 2:00,37.55086166,127.0086194,241
절도,2016-08-28 14:00,37.56389718,127.0094621,144
폭행,2016-12-26 8:00,37.56831377,127.0052382,75
절도,2016-02-13 1:00,37.5502283,127.0067398,204
절도,2016-07-16 14:00,37.55147875,127.0125013,218
폭행,2016-04-05 22:00,37.56507211,127.0215582,22
폭행,2016-01-11 22:00,37.55737781,127.0161199,243
폭행,2016-10-01 21:00,37.55943688,127.0130317,172
절도,2016-01-24 13:00,37.56539261,127.0164116,46
폭행,2016-09-19 1:00,37.54979333,127.0119029,225
절도,2016-01-21 19:00,37.56053192,127.0068283,85
폭행,2016-04-09 11:00,37.55239138,127.0101881,234
절도,2016-09-15 9:00,37.56665807,127.0148117,103
폭행,2016-07-14 13:00,37.54934889,127.0128011,219
절도,2016-02-09 13:00,37.54886509,127.0092629,238
폭행,2016-03-16 7:00,37.55917315,127.0133181,92
폭행,2016-05-26 11:00,37.56672738,126.9846093,306
절도,2016-06-24 14:00,37.56450375,127.0206741,23
절도,2016-08-20 5:00,37.56521169,126.9898803,316
절도,2016-01-07 21:00,37.56927304,127.007501,71
폭행,2016-05-07 11:00,37.56619887,127.0205723,53
폭행,2016-08-02 2:00,37.5651533,127.0126532,139
폭행,2016-07-17 0:00,37.56446307,127.0050678,78
절도,2016-04-05 23:00,37.56638239,126.985954,330
폭행,2016-02-22 22:00,37.56652811,127.0148877,103
절도,2016-09-23 11:00,37.56962,127.0158594,61
절도,2016-07-23 10:00,37.56853212,126.9934393,293
폭행,2016-07-15 23:00,37.56465801,126.9862311,311
폭행,2016-10-04 19:00,37.5687403,126.9914847,300
절도,2016-02-09 14:00,37.55079437,127.0132129,220
폭행,2016-09-08 21:00,37.5471029,127.0073963,196
절도,2016-02-26 2:00,37.565912,126.9914399,334
절도,2016-01-20 12:00,37.56526329,126.9866035,311
폭행,2016-11-14 3:00,37.56324646,127.0060401,150
폭행,2016-02-11 19:00,37.54888877,127.0067872,201
폭행,2016-07-30 5:00,37.557138,127.0166799,255
절도,2016-05-10 4:00,37.56073027,127.0066195,85
폭행,2016-12-12 15:00,37.56097811,127.0098782,174
폭행,2016-04-04 17:00,37.56237152,127.0232314,9
폭행,2016-06-08 3:00,37.55429196,127.0174447,264
폭행,2016-04-30 16:00,37.56678739,127.0143991,107
절도,2016-09-14 11:00,37.56656864,127.0103979,117
절도,2016-08-24 16:00,37.56894659,127.0129936,67
폭행,2016-08-10 22:00,37.56835636,126.9967262,291
절도,2016-08-06 23:00,37.55523519,127.0171133,265
절도,2016-12-25 7:00,37.56317755,126.9937651,343
절도,2016-02-11 22:00,37.54764688,127.0072619,197
절도,2016-06-21 16:00,37.56399581,127.0053838,149
절도,2016-11-10 23:00,37.55439123,127.0133627,262
절도,2016-07-19 2:00,37.56294805,126.9869003,336
폭행,2016-10-30 18:00,37.548489,127.012271,221
절도,2016-01-26 1:00,37.55106721,127.0103961,233
폭행,2016-07-27 20:00,37.56674877,127.0130456,106
폭행,2016-06-28 1:00,37.56641123,126.9979899,287
절도,2016-08-19 11:00,37.56408208,126.990236,315
폭행,2016-06-17 5:00,37.56372129,127.0048957,80
폭행,2016-07-14 0:00,37.54778704,127.0093522,239
폭행,2016-04-16 21:00,37.54959733,127.0121173,225
폭행,2016-06-17 8:00,37.54745604,127.0080986,198
폭행,2016-01-12 1:00,37.56545625,127.0132329,138
폭행,2016-01-12 9:00,37.55360424,127.0114109,222
절도,2016-09-06 4:00,37.56761068,127.0044427,76
폭행,2016-03-01 22:00,37.56526965,127.0046069,78
절도,2016-08-25 22:00,37.56269407,127.0245803,11
폭행,2016-09-24 16:00,37.56690147,126.9867342,329
폭행,2016-02-20 12:00,37.54759171,127.0086639,198
절도,2016-04-26 17:00,37.56845469,127.0067018,123
절도,2016-09-03 9:00,37.56288811,127.0086795,160
절도,2016-12-10 1:00,37.56222337,127.0206406,27
폭행,2016-05-21 17:00,37.56484614,126.9910331,317
폭행,2016-02-06 4:00,37.55152678,127.0121912,218
절도,2016-08-27 22:00,37.56622252,127.0186235,47
폭행,2016-07-12 19:00,37.56734407,126.995221,290
폭행,2016-09-12 8:00,37.56875992,126.990879,300
강도,2016-05-14 9:00,37.56803843,126.9991182,283
절도,2016-06-13 12:00,37.56646217,126.9968503,322
절도,2016-07-23 16:00,37.54651982,127.0077027,189
폭행,2016-09-09 18:00,37.55574274,127.0174349,257
폭행,2016-11-26 2:00,37.56814143,127.0069032,123
절도,2016-09-24 12:00,37.56357299,127.0170718,39
절도,2016-10-30 11:00,37.56913575,127.0067331,71
절도,2016-04-11 17:00,37.56033403,127.0071352,85
절도,2016-04-23 17:00,37.56674134,126.988626,327
폭행,2016-06-19 19:00,37.56346976,127.0049808,82
폭행,2016-11-13 19:00,37.56648682,127.0103482,117
절도,2016-03-25 12:00,37.55402373,127.016219,263
폭행,2016-09-21 22:00,37.56604524,126.9856468,312
폭행,2016-06-08 21:00,37.56272795,127.0170738,42
절도,2016-12-21 21:00,37.55037414,127.010458,232
폭행,2016-05-28 18:00,37.55174725,127.0123739,218
폭행,2016-09-01 19:00,37.56546226,127.0243371,60
폭행,2016-11-09 1:00,37.55505943,127.017353,265
폭행,2016-11-28 17:00,37.5510266,127.0098817,235
폭행,2016-07-29 23:00,37.54973672,127.006898,202
폭행,2016-05-10 6:00,37.55183327,127.0155779,270
폭행,2016-01-17 23:00,37.56681546,126.9854885,330
폭행,2016-03-04 22:00,37.56315557,127.0048339,82
절도,2016-03-21 12:00,37.56180615,127.0061996,178
절도,2016-01-09 9:00,37.56334477,127.0130427,156
폭행,2016-12-17 20:00,37.54450939,127.0066679,183
폭행,2016-10-01 21:00,37.56727887,126.9870157,305
강간,2016-06-05 11:00,37.56742945,126.9885219,282
폭행,2016-10-29 23:00,37.55073584,127.0126671,220
폭행,2016-09-08 3:00,37.56390994,127.0162302,43
폭행,2016-04-11 3:00,37.56331146,127.0201999,29
절도,2016-05-24 6:00,37.55542628,127.0180761,246
절도,2016-07-18 4:00,37.56372282,127.0258963,3
폭행,2016-09-11 2:00,37.5562162,127.0137184,253
절도,2016-12-06 13:00,37.56321939,127.0048194,82
절도,2016-08-17 10:00,37.5529216,127.0177658,266
폭행,2016-11-21 21:00,37.54519485,127.0056166,185
강간,2016-11-13 16:00,37.56111685,127.0078707,175
폭행,2016-09-17 0:00,37.56505573,127.0047783,78
폭행,2016-04-30 23:00,37.56795449,126.9954201,290
절도,2016-05-10 14:00,37.56297304,127.0113152,157
절도,2016-05-12 10:00,37.56756764,127.0051972,76
폭행,2016-10-01 4:00,37.56203434,127.0220601,19
폭행,2016-05-11 1:00,37.56717805,126.9845897,277
절도,2016-04-10 12:00,37.56942989,127.0143828,66
폭행,2016-10-17 23:00,37.54810868,127.0078528,198
폭행,2016-02-14 16:00,37.56310422,127.0214374,20
절도,2016-10-01 16:00,37.56896208,127.0141893,66
폭행,2016-09-30 9:00,37.56703588,127.0056159,129
절도,2016-09-29 18:00,37.56646556,127.0195077,51
절도,2016-12-14 10:00,37.54785011,127.0106287,229
폭행,2016-02-20 2:00,37.55511482,127.013896,252
폭행,2016-02-02 10:00,37.55574885,127.012198,213
절도,2016-06-21 18:00,37.56687378,127.0143176,107
절도,2016-02-25 4:00,37.56957362,127.0109385,74
폭행,2016-11-24 20:00,37.56386712,127.0141218,101
폭행,2016-12-31 4:00,37.56612517,127.0205458,54
절도,2016-06-08 22:00,37.56809774,126.9969913,291
절도,2016-07-17 19:00,37.56572302,127.0095313,134
폭행,2016-08-31 0:00,37.55039562,127.0086025,241
폭행,2016-03-16 5:00,37.56675807,126.9928006,324
폭행,2016-02-13 9:00,37.56628468,126.9964892,322
절도,2016-01-23 4:00,37.56393033,127.013282,155
폭행,2016-07-26 1:00,37.56902182,127.0084078,70
절도,2016-12-27 8:00,37.54519693,127.0077273,186
폭행,2016-10-07 15:00,37.56776084,126.9969284,285
절도,2016-04-17 14:00,37.56656146,126.9938512,319
절도,2016-04-04 21:00,37.56274263,127.0110974,157
절도,2016-07-03 22:00,37.55232253,127.0136624,274
폭행,2016-01-26 23:00,37.56359658,126.9913048,314
폭행,2016-12-28 12:00,37.56292833,126.9920723,345
폭행,2016-02-03 3:00,37.56844906,127.008539,124
절도,2016-12-05 13:00,37.5629305,126.989217,337
강간,2016-01-07 0:00,37.54927172,127.0122874,219
폭행,2016-03-08 1:00,37.55615981,127.014499,251
폭행,2016-12-04 13:00,37.56389414,127.0272232,4
폭행,2016-09-18 22:00,37.56155761,127.0087491,175
절도,2016-12-27 17:00,37.55177447,127.0143504,273
절도,2016-08-09 17:00,37.55702127,127.0128576,211
절도,2016-09-01 16:00,37.56674554,127.0170131,49
절도,2016-11-24 7:00,37.55065185,127.0118463,226
폭행,2016-07-06 18:00,37.55158509,127.0138812,273
폭행,2016-01-06 2:00,37.55903395,127.0142002,92
절도,2016-07-04 14:00,37.54767418,127.0090682,239
절도,2016-11-26 4:00,37.565651,126.987362,331
폭행,2016-04-25 22:00,37.5694816,127.0047257,72
폭행,2016-12-29 21:00,37.55524897,127.016996,265
폭행,2016-11-24 0:00,37.5514366,127.0077207,203
절도,2016-06-26 6:00,37.5630734,126.9890979,337
폭행,2016-12-13 5:00,37.56503937,127.0205514,23
폭행,2016-06-05 19:00,37.55315375,127.0150859,268
폭행,2016-10-11 14:00,37.54400586,127.0088536,182
절도,2016-06-17 21:00,37.5615853,127.0092215,174
절도,2016-06-27 23:00,37.54878159,127.0127252,221
폭행,2016-11-10 3:00,37.56299007,127.0161546,96
절도,2016-12-19 20:00,37.55872993,127.0127817,91
폭행,2016-07-29 1:00,37.56581252,126.9926212,318
폭행,2016-04-06 20:00,37.54941818,127.0140166,276
절도,2016-07-06 17:00,37.5555774,127.0145788,251
폭행,2016-12-06 22:00,37.56419748,127.0257326,14
폭행,2016-11-04 16:00,37.56103365,127.0191627,37
폭행,2016-10-05 22:00,37.55695709,127.013363,254
폭행,2016-01-21 11:00,37.56945958,127.0141135,66
폭행,2016-02-05 21:00,37.55250755,127.0131211,217
폭행,2016-11-11 6:00,37.56691057,126.9913284,325
폭행,2016-05-01 16:00,37.56276173,127.0151226,98
폭행,2016-08-13 20:00,37.56694635,126.9875945,328
절도,2016-04-02 17:00,37.56911309,127.0080165,70
절도,2016-06-30 1:00,37.5623113,127.0195715,28
폭행,2016-06-10 19:00,37.56584649,127.014699,104
폭행,2016-01-01 10:00,37.56815923,126.9983421,286
강간,2016-05-22 19:00,37.54750686,127.0109809,229
절도,2016-09-07 15:00,37.55329901,127.0104128,206
폭행,2016-10-22 23:00,37.56213532,127.0220601,19
폭행,2016-08-10 10:00,37.56506945,126.9875349,310
절도,2016-06-22 17:00,37.56721237,126.9894722,298
폭행,2016-11-02 17:00,37.56461913,127.0259281,2
절도,2016-02-24 1:00,37.56968477,127.0148424,65
폭행,2016-02-07 13:00,37.56740293,127.0068511,127
폭행,2016-08-25 1:00,37.56745138,126.9962171,290
폭행,2016-06-26 19:00,37.56463375,127.0192451,30
폭행,2016-04-01 12:00,37.54833383,127.0066109,201
폭행,2016-01-21 23:00,37.54415005,127.0080651,181
폭행,2016-01-27 5:00,37.56293715,127.012362,156
폭행,2016-05-04 0:00,37.55430925,127.010475,209
절도,2016-01-30 11:00,37.56543804,126.9843074,307
절도,2016-09-10 23:00,37.55758522,127.0164846,243
폭행,2016-10-14 14:00,37.56730231,126.9903494,298
폭행,2016-06-19 23:00,37.55007116,127.0112446,226
절도,2016-11-17 15:00,37.56896435,127.0050451,72
폭행,2016-11-01 21:00,37.54899392,127.0082932,200
절도,2016-06-14 9:00,37.56219183,127.0116122,158
절도,2016-09-07 16:00,37.56297458,127.0165057,96
절도,2016-04-20 5:00,37.56888285,127.0152069,65
절도,2016-08-22 9:00,37.56435162,127.0241997,15
폭행,2016-03-16 15:00,37.56730165,126.993181,295
폭행,2016-01-31 2:00,37.56749503,127.0067179,127
폭행,2016-01-10 5:00,37.55973591,127.0121399,171
절도,2016-05-24 21:00,37.5537374,127.0175891,264
폭행,2016-07-28 1:00,37.55090143,127.0072998,204
절도,2016-08-26 17:00,37.54564906,127.0081826,191
절도,2016-10-03 15:00,37.5672867,127.013157,112
절도,2016-10-17 13:00,37.56844244,126.9977657,286
절도,2016-03-09 21:00,37.55452114,127.0142361,252
폭행,2016-10-01 22:00,37.54961606,127.0074439,202
폭행,2016-02-18 0:00,37.56341926,126.9911403,342
절도,2016-07-08 8:00,37.56217693,127.0116403,158
절도,2016-03-22 8:00,37.56172176,127.0220789,33
절도,2016-12-05 3:00,37.56119809,127.0119377,165
폭행,2016-05-30 18:00,37.54944934,127.0080099,199
폭행,2016-05-07 10:00,37.56956681,127.011511,68
폭행,2016-10-29 23:00,37.5681643,126.9973225,291
폭행,2016-09-09 5:00,37.56533022,126.9897873,333
폭행,2016-08-04 22:00,37.56521328,126.9860393,311
폭행,2016-05-03 15:00,37.56720518,127.0062388,126
절도,2016-09-07 23:00,37.56329055,126.9902092,341
폭행,2016-09-13 2:00,37.56520075,127.025137,1
폭행,2016-08-10 23:00,37.56492464,127.0081192,146
절도,2016-04-10 5:00,37.56821365,127.0129106,113
폭행,2016-03-22 20:00,37.56141653,127.0130618,166
절도,2016-11-26 12:00,37.55197681,127.0109274,234
절도,2016-05-19 15:00,37.55410877,127.0178575,264
절도,2016-10-29 10:00,37.55848521,127.0116412,90
절도,2016-02-23 14:00,37.55619733,127.0159238,259
폭행,2016-01-03 1:00,37.56286985,127.0173001,42
절도,2016-11-21 19:00,37.56206316,127.0218904,33
절도,2016-12-03 0:00,37.56664853,127.0203251,53
절도,2016-01-29 21:00,37.56484788,127.0256896,1
폭행,2016-11-09 22:00,37.56281202,126.991131,342
강간,2016-11-09 5:00,37.56079573,127.0116758,165
폭행,2016-10-19 3:00,37.56249559,127.0155353,95
폭행,2016-03-03 5:00,37.56596384,127.0130461,138
폭행,2016-02-20 22:00,37.55591655,127.0139633,253
폭행,2016-12-26 10:00,37.56422867,127.0280822,4
폭행,2016-05-09 14:00,37.56759976,127.0066483,127
폭행,2016-07-27 23:00,37.56641338,126.9888154,327
절도,2016-12-28 11:00,37.56341737,127.0149831,98
폭행,2016-04-16 4:00,37.56647122,126.9984716,287
폭행,2016-05-11 0:00,37.55812271,127.0151194,249
폭행,2016-01-04 17:00,37.55212526,127.012016,223
폭행,2016-04-27 1:00,37.56269475,127.0211365,29
폭행,2016-02-17 2:00,37.56723017,127.0082362,128
절도,2016-01-03 14:00,37.54869748,127.0096399,238
폭행,2016-01-11 13:00,37.55160704,127.0119167,224
절도,2016-04-08 14:00,37.56529961,127.0077923,135
폭행,2016-06-11 16:00,37.55443625,127.0106114,209
절도,2016-12-05 18:00,37.54633449,127.007058,188
절도,2016-09-05 17:00,37.56389596,126.9861705,340
폭행,2016-06-24 3:00,37.56324711,127.004213,82
폭행,2016-04-18 14:00,37.55112281,127.0151036,272
폭행,2016-11-10 13:00,37.56704844,126.987273,328
절도,2016-10-14 5:00,37.54409604,127.0096835,182
폭행,2016-10-18 2:00,37.56456541,126.9912632,317
절도,2016-11-02 10:00,37.55381686,127.0100203,209
폭행,2016-09-28 15:00,37.55298713,127.011282,222
폭행,2016-04-25 20:00,37.56579193,126.9854138,312
강간,2016-11-18 14:00,37.55887812,127.0129164,91
폭행,2016-03-14 10:00,37.56709399,126.9951564,290
절도,2016-03-16 16:00,37.5670115,127.0089246,121
폭행,2016-04-19 19:00,37.5651409,127.0164237,44
폭행,2016-09-05 3:00,37.5446767,127.0082307,186
절도,2016-03-18 13:00,37.56351602,127.008004,145
절도,2016-12-18 18:00,37.56770191,127.0149831,108
폭행,2016-10-06 5:00,37.5650127,127.0103076,140
폭행,2016-09-03 10:00,37.56524092,127.0126437,139
폭행,2016-08-31 2:00,37.56263965,127.0142244,100
폭행,2016-12-15 12:00,37.54953859,127.0080049,199
절도,2016-10-30 18:00,37.55329731,127.0104056,206
절도,2016-09-10 13:00,37.56427035,127.0255248,14
절도,2016-09-27 20:00,37.56341105,127.006165,150
절도,2016-04-07 10:00,37.56242078,127.0100463,164
폭행,2016-03-24 7:00,37.5633618,127.0183371,38
절도,2016-06-21 18:00,37.56326299,127.023765,11
폭행,2016-06-19 23:00,37.54750116,127.0094717,239
폭행,2016-07-08 13:00,37.56719451,126.990531,298
절도,2016-10-25 22:00,37.56756561,126.9876895,281
절도,2016-01-03 8:00,37.55370136,127.0168786,264
절도,2016-01-17 13:00,37.55074879,127.0130202,220
절도,2016-08-05 3:00,37.5631957,126.9896013,341
폭행,2016-03-26 5:00,37.56354291,127.0168302,39
절도,2016-06-04 11:00,37.5627918,127.0104382,153
절도,2016-12-09 14:00,37.56478856,127.0052302,78
절도,2016-02-15 15:00,37.56373058,127.018089,41
절도,2016-04-06 10:00,37.56588553,126.9889493,332
폭행,2016-08-10 20:00,37.56681639,127.0199876,51
절도,2016-03-12 11:00,37.56002549,127.0072975,85
폭행,2016-03-09 21:00,37.55638233,127.0186166,245
절도,2016-03-30 23:00,37.5606048,127.010484,169
절도,2016-08-15 1:00,37.56159359,127.0128117,166
절도,2016-11-14 16:00,37.56689834,127.0200568,51
폭행,2016-08-03 7:00,37.56517532,127.0200481,30
폭행,2016-01-28 21:00,37.56349991,127.0083634,145
폭행,2016-02-23 9:00,37.55833935,127.0140041,250
절도,2016-09-17 18:00,37.54703934,127.0076948,189
폭행,2016-03-06 7:00,37.56833267,126.993496,293
절도,2016-11-20 15:00,37.56105107,127.0235097,35
폭행,2016-11-24 11:00,37.5471887,127.0080977,189
절도,2016-03-02 1:00,37.56401706,126.9867325,340
폭행,2016-06-01 0:00,37.56174492,127.0125312,159
폭행,2016-08-06 21:00,37.54704487,127.0057781,195
폭행,2016-02-08 11:00,37.54744284,127.0071496,197
폭행,2016-10-12 22:00,37.55061942,127.0089039,236
절도,2016-11-28 7:00,37.56740155,126.9929814,295
폭행,2016-08-08 23:00,37.5634897,127.0046235,80
절도,2016-02-20 1:00,37.56592417,126.9901658,333
폭행,2016-01-14 1:00,37.56064022,127.0124603,167
폭행,2016-10-24 23:00,37.56273626,127.0205025,29
폭행,2016-03-24 3:00,37.55679327,127.014892,180
폭행,2016-08-26 21:00,37.55130112,127.0082252,203
절도,2016-01-27 13:00,37.54708709,127.0094487,240
폭행,2016-04-08 12:00,37.56619979,127.014829,103
폭행,2016-09-13 17:00,37.55953317,127.0130555,172
절도,2016-10-22 1:00,37.56799387,126.9855342,279
절도,2016-06-12 20:00,37.56577239,126.9898959,333
절도,2016-08-13 14:00,37.56360025,127.0266356,3
절도,2016-09-11 4:00,37.56109181,127.007399,176
절도,2016-10-27 16:00,37.56117873,127.0043716,84
절도,2016-06-16 15:00,37.56879514,127.0077247,124
폭행,2016-09-04 5:00,37.56063388,127.0102532,169
절도,2016-09-08 20:00,37.56144922,127.0211757,34
절도,2016-08-04 13:00,37.54874106,127.0105205,230
절도,2016-12-24 0:00,37.56843719,126.990623,300
강간,2016-07-26 22:00,37.56810737,127.0044357,75
절도,2016-04-07 8:00,37.56646028,126.9964205,322
절도,2016-03-04 3:00,37.5638255,126.990837,314
절도,2016-06-01 9:00,37.56853104,127.007073,123
강도,2016-03-18 23:00,37.56544226,127.0072868,133
폭행,2016-04-21 21:00,37.5618836,127.0043821,83
절도,2016-12-07 20:00,37.56873463,127.0132868,113
폭행,2016-05-28 6:00,37.56289041,127.0147958,98
폭행,2016-03-09 3:00,37.55537769,127.0169625,265
폭행,2016-02-28 20:00,37.54568073,127.007468,188
절도,2016-06-13 17:00,37.56873199,127.006973,123
폭행,2016-03-31 16:00,37.56763509,127.0148482,108
폭행,2016-03-22 17:00,37.56866142,126.9929551,293
강간,2016-02-19 12:00,37.56775301,126.9906799,297
절도,2016-10-15 19:00,37.56731779,127.0106084,118
절도,2016-02-27 17:00,37.5548677,127.0161176,258
절도,2016-03-02 12:00,37.55295871,127.0127483,216
강간,2016-08-03 13:00,37.55812523,127.0150541,242
절도,2016-09-29 17:00,37.56415508,127.0254315,14
폭행,2016-07-28 0:00,37.56662565,127.0180695,47
폭행,2016-12-08 11:00,37.56582977,127.022312,56
폭행,2016-01-14 0:00,37.5653246,127.0085663,135
절도,2016-11-02 6:00,37.56834699,126.9948237,294
절도,2016-05-23 1:00,37.5562838,127.016604,259
폭행,2016-01-01 21:00,37.56424729,127.022473,13
절도,2016-07-27 1:00,37.56415138,127.0262619,3
폭행,2016-12-16 18:00,37.55107915,127.01149,224
폭행,2016-03-25 0:00,37.56387088,127.0100403,142
폭행,2016-10-17 1:00,37.5681856,127.016424,62
폭행,2016-11-29 23:00,37.55053263,127.0121354,226
절도,2016-02-27 15:00,37.56407776,126.989573,315
강간,2016-04-23 18:00,37.56956376,127.0140922,66
절도,2016-02-14 11:00,37.56877471,126.9932568,293
절도,2016-09-20 9:00,37.565303,127.0143767,105
폭행,2016-03-01 20:00,37.55958158,127.0131771,172
절도,2016-01-15 14:00,37.56543825,126.993895,320
절도,2016-07-05 15:00,37.56208317,127.0231154,9
절도,2016-02-21 20:00,37.56172643,127.0119136,158
절도,2016-09-28 9:00,37.56398568,127.0280686,4
폭행,2016-11-15 2:00,37.56310361,127.0061122,150
폭행,2016-05-07 20:00,37.56498051,127.0063565,148
폭행,2016-06-09 12:00,37.56785029,126.9905627,297
절도,2016-10-23 15:00,37.55371048,127.0161939,263
절도,2016-10-22 3:00,37.56768997,126.9985444,284
절도,2016-10-18 15:00,37.5504279,127.0091209,236
절도,2016-10-07 19:00,37.56078167,127.0075411,85
폭행,2016-09-26 0:00,37.56884246,127.0078724,124
절도,2016-09-12 12:00,37.56536137,126.986018,308
강간,2016-11-26 8:00,37.55499446,127.0104055,207
강간,2016-05-11 23:00,37.56266713,127.0195637,26
폭행,2016-11-30 22:00,37.56783115,126.984181,277
절도,2016-05-23 17:00,37.55124402,127.0135023,273
폭행,2016-12-20 11:00,37.55258135,127.0095008,205
폭행,2016-05-20 3:00,37.55559397,127.0180705,246
절도,2016-07-22 15:00,37.56410902,127.0116211,154
절도,2016-06-12 16:00,37.56776766,126.9841879,277
폭행,2016-02-15 8:00,37.55112321,127.0155309,272
절도,2016-02-22 1:00,37.56631582,126.987479,328
절도,2016-02-05 10:00,37.55271095,127.0118392,223
절도,2016-05-29 18:00,37.56564264,126.9926755,318
절도,2016-06-06 18:00,37.55330314,127.0126374,216
폭행,2016-11-02 23:00,37.56703499,127.0131769,106
폭행,2016-02-28 11:00,37.56281055,127.0067478,151
절도,2016-11-23 14:00,37.56565224,126.9907715,334
절도,2016-07-21 17:00,37.56748732,126.9849505,280
폭행,2016-02-07 0:00,37.56287918,127.0159466,96
폭행,2016-06-14 11:00,37.56144706,127.0045193,84
폭행,2016-05-20 19:00,37.55360828,127.016914,266
폭행,2016-10-21 5:00,37.56309575,127.0244595,11
절도,2016-11-26 2:00,37.55580875,127.0131557,213
절도,2016-06-05 15:00,37.56018026,127.007028,85
절도,2016-03-05 3:00,37.56849207,127.0086361,124
절도,2016-09-17 18:00,37.5460995,127.0068952,188
절도,2016-04-26 2:00,37.56329444,127.0107374,153
절도,2016-02-16 12:00,37.566561,127.0111401,116
절도,2016-05-29 5:00,37.55932154,127.0138207,92
절도,2016-02-25 17:00,37.56392659,127.005667,149
절도,2016-02-16 15:00,37.56509171,127.0143875,102
절도,2016-01-27 16:00,37.56372756,127.0085495,145
폭행,2016-01-09 19:00,37.56934736,127.0126093,67
절도,2016-08-18 15:00,37.56156804,127.0207658,34
절도,2016-01-19 13:00,37.56371664,126.9905087,315
폭행,2016-11-28 19:00,37.55907185,127.0124509,172
절도,2016-12-11 16:00,37.56776654,127.0127178,112
강간,2016-01-28 18:00,37.56347164,127.0092208,152
절도,2016-05-13 6:00,37.56516261,127.0046648,78
폭행,2016-09-02 23:00,37.54879457,127.0075746,201
절도,2016-10-13 13:00,37.55963435,127.0125048,172
강간,2016-01-27 22:00,37.5680843,126.998163,286
절도,2016-01-20 22:00,37.56240109,127.0143846,99
폭행,2016-05-01 23:00,37.56860822,126.9862932,304
절도,2016-05-26 4:00,37.56821957,127.0082417,124
폭행,2016-02-17 22:00,37.54678217,127.0057703,195
절도,2016-04-10 18:00,37.55362052,127.0124605,215
절도,2016-09-13 12:00,37.56754736,126.9860149,305
폭행,2016-11-14 20:00,37.55704472,127.0177665,256
폭행,2016-01-11 22:00,37.55261308,127.0149434,270
폭행,2016-08-18 5:00,37.56560504,126.9926429,318
폭행,2016-06-09 1:00,37.56249522,127.019382,28
폭행,2016-09-11 12:00,37.56839253,127.0089832,122
절도,2016-02-21 5:00,37.5662718,127.013444,107
폭행,2016-04-06 22:00,37.5566827,127.0183702,245
절도,2016-06-28 9:00,37.5670089,127.0066799,130
절도,2016-07-05 11:00,37.56111288,127.0122834,166
절도,2016-10-31 1:00,37.5614479,127.0082676,175
절도,2016-05-16 12:00,37.5624905,126.9877282,338
폭행,2016-01-04 14:00,37.56548866,127.0244095,60
절도,2016-12-31 11:00,37.56581886,126.9911088,334
폭행,2016-05-09 22:00,37.5542219,127.0157573,263
절도,2016-01-12 16:00,37.56279391,127.0190892,26
폭행,2016-05-11 10:00,37.56084605,127.006058,86
